id,step,timestamp,entry,delta
1,place-tools,2024-01-18T09:58:37.956146,/ko-app/entrypoint to /tekton/bin/entrypoint,0.0000
2,step-init,2024-01-18T09:58:38.696694,/step directories,0.7405
3,place-scripts,2024-01-18T09:58:40.217461,script /tekton/scripts/script-0-n6xcb,2.2613
4,place-scripts,2024-01-18T09:58:40.229211,script /tekton/scripts/script-2-98hm4,2.2731
5,place-scripts,2024-01-18T09:58:40.240816,script /tekton/scripts/script-3-hf9dm,2.2847
6,place-scripts,2024-01-18T09:58:40.253379,script /tekton/scripts/script-9-5q2h9,2.2972
7,place-scripts,2024-01-18T09:58:40.265365,script /tekton/scripts/script-11-zt7kn,2.3092
8,step-copy-builder-to-tmp,2024-01-18T09:58:41.562865,"unsuccessful cred copy: "".docker"" from ""/tekton/creds"" to ""/tekton/home"": unable to open destination: open /tekton/home/.docker/config.json: permission denied",3.6067
9,step-copy-stack-toml,2024-01-18T09:58:42.715044,"unsuccessful cred copy: "".docker"" from ""/tekton/creds"" to ""/tekton/home"": unable to open destination: open /tekton/home/.docker/config.json: permission denied",4.7589
10,step-analyze,2024-01-18T09:58:44.455209,"unsuccessful cred copy: "".docker"" from ""/tekton/creds"" to ""/tekton/home"": unable to open destination: open /tekton/home/.docker/config.json: permission denied",6.4991
11,step-restore,2024-01-18T09:58:45.333094,"unsuccessful cred copy: "".docker"" from ""/tekton/creds"" to ""/tekton/home"": unable to open destination: open /tekton/home/.docker/config.json: permission denied",7.3769
12,step-export,2024-01-18T09:58:47.301791,"unsuccessful cred copy: "".docker"" from ""/tekton/creds"" to ""/tekton/home"": unable to open destination: open /tekton/home/.docker/config.json: permission denied",9.3456
13,step-clone,2024-01-18T09:58:48.751611,'=' true ],10.7955
14,step-clone,2024-01-18T09:58:48.751700,'=' true ],10.7956
15,step-clone,2024-01-18T09:58:48.752741,'=' true ],10.7966
16,step-clone,2024-01-18T09:58:48.752787,CHECKOUT_DIR=/workspace/ ,10.7966
17,step-clone,2024-01-18T09:58:48.752795,'=' true ],10.7966
18,step-clone,2024-01-18T09:58:48.752800,cleandir ,10.7967
19,step-clone,2024-01-18T09:58:48.752805,/workspace/ ],10.7967
20,step-clone,2024-01-18T09:58:48.752809,'/workspace//*',10.7967
21,step-clone,2024-01-18T09:58:48.755112,'/workspace//.[!.]*',10.7990
22,step-clone,2024-01-18T09:58:48.756672,'/workspace//..?*',10.8005
23,step-clone,2024-01-18T09:58:48.758612,test -z ,10.8025
24,step-clone,2024-01-18T09:58:48.758634,test -z ,10.8025
25,step-clone,2024-01-18T09:58:48.758646,test -z ,10.8025
26,step-clone,2024-01-18T09:58:48.758718,'-revision=' '-refspec=' '-path=/workspace/' '-sslVerify=true' '-submodules=true' '-depth=1' '-sparseCheckoutDirectories=',10.8026
27,step-clone,2024-01-18T09:58:50.405134,"@ 514b1ea3726070bb15af55ec7ce5e46703c10aa4 (grafted, HEAD) in path /workspace/""}",12.4490
28,step-clone,2024-01-18T09:58:50.447231,"updated submodules in path /workspace/""}",12.4911
29,step-clone,2024-01-18T09:58:50.454212,cd /workspace/ ,12.4981
30,step-clone,2024-01-18T09:58:50.454920,HEAD,12.4988
31,step-clone,2024-01-18T09:58:50.456377,RESULT_SHA=514b1ea3726070bb15af55ec7ce5e46703c10aa4 ,12.5002
32,step-clone,2024-01-18T09:58:50.456397,EXIT_CODE=0 ,12.5003
33,step-clone,2024-01-18T09:58:50.456401,'!=' 0 ],12.5003
34,step-copy-builder-to-tmp,2024-01-18T09:58:50.570902,/cnb/buildpacks /tmp_builder/,12.6148
35,step-copy-builder-to-tmp,2024-01-18T09:58:50.696612,/tmp_builder/,12.7405
36,step-prepare,2024-01-18T09:58:51.700558,on '/cache'...,13.7444
37,step-prepare,2024-01-18T09:58:51.710902,on '/tekton/home'...,13.7548
38,step-prepare,2024-01-18T09:58:51.717963,on '/layers'...,13.7618
39,step-prepare,2024-01-18T09:58:51.719841,on '/workspace'...,13.7637
40,step-prepare,2024-01-18T09:58:51.725468,configuration...,13.7693
41,step-prepare,2024-01-18T09:58:51.725834,variables...,13.7697
42,step-prepare,2024-01-18T09:58:51.727135,environment variables...,13.7710
43,step-prepare,2024-01-18T09:58:51.727295,directory: /platform/env,13.7711
44,step-inject-buildpacks,2024-01-18T09:58:51.819296,nounset,13.8631
45,step-inject-buildpacks,2024-01-18T09:58:51.819573,errexit,13.8634
46,step-inject-buildpacks,2024-01-18T09:58:51.819733,pipefail,13.8636
47,step-inject-buildpacks,2024-01-18T09:58:51.819936,JSON_TOML_URL=https://github.com/pelletier/go-toml/releases/download/v2.1.1/jsontoml_2.1.1_linux_amd64.tar.xz ,13.8638
48,step-inject-buildpacks,2024-01-18T09:58:51.820541,TOML_JSON_URL=https://github.com/pelletier/go-toml/releases/download/v2.1.1/tomljson_2.1.1_linux_amd64.tar.xz ,13.8644
49,step-inject-buildpacks,2024-01-18T09:58:51.820739,JQ_URL=https://github.com/jqlang/jq/releases/download/jq-1.7.1/jq-linux-amd64 ,13.8646
50,step-inject-buildpacks,2024-01-18T09:58:51.821562,main ,13.8654
51,step-inject-buildpacks,2024-01-18T09:58:51.821823,local buildpacks_dir=/tmp_builder/buildpacks ,13.8657
52,step-inject-buildpacks,2024-01-18T09:58:51.822171,local order_toml=/tmp_builder/order.toml ,13.8660
53,step-inject-buildpacks,2024-01-18T09:58:51.822397,download_parsing_tools ,13.8663
54,step-inject-buildpacks,2024-01-18T09:58:51.823060,- https://github.com/pelletier/go-toml/releases/download/v2.1.1/jsontoml_2.1.1_linux_amd64.tar.xz,13.8669
55,step-inject-buildpacks,2024-01-18T09:58:51.823158,tar xvJ ,13.8670
56,step-inject-buildpacks,2024-01-18T09:58:51.828732,(140.82.121.4:443),13.8726
57,step-inject-buildpacks,2024-01-18T09:58:52.110863,(185.199.108.133:443),14.1547
58,step-inject-buildpacks,2024-01-18T09:58:52.543484,to stdout ,14.5873
59,step-inject-buildpacks,2024-01-18T09:58:52.545867,,14.5897
60,step-inject-buildpacks,2024-01-18T09:58:52.637598,100% |********************************| 1531k  0:00:00 ETA,14.6815
61,step-inject-buildpacks,2024-01-18T09:58:52.637618,to stdout ,14.6815
62,step-inject-buildpacks,2024-01-18T09:58:52.642789,- https://github.com/pelletier/go-toml/releases/download/v2.1.1/tomljson_2.1.1_linux_amd64.tar.xz,14.6866
63,step-inject-buildpacks,2024-01-18T09:58:52.642806,tar xvJ ,14.6867
64,step-inject-buildpacks,2024-01-18T09:58:52.645505,(140.82.121.3:443),14.6894
65,step-inject-buildpacks,2024-01-18T09:58:52.925530,(185.199.111.133:443),14.9694
66,step-inject-buildpacks,2024-01-18T09:58:53.338418,to stdout ,15.3823
67,step-inject-buildpacks,2024-01-18T09:58:53.341472,,15.3853
68,step-inject-buildpacks,2024-01-18T09:58:53.462178,100% |********************************| 1597k  0:00:00 ETA,15.5060
69,step-inject-buildpacks,2024-01-18T09:58:53.462195,to stdout ,15.5060
70,step-inject-buildpacks,2024-01-18T09:58:53.469342,jq https://github.com/jqlang/jq/releases/download/jq-1.7.1/jq-linux-amd64,15.5132
71,step-inject-buildpacks,2024-01-18T09:58:53.470728,(140.82.121.3:443),15.5146
72,step-inject-buildpacks,2024-01-18T09:58:53.746426,(185.199.111.133:443),15.7903
73,step-inject-buildpacks,2024-01-18T09:58:54.276889,to 'jq' ,16.3207
74,step-inject-buildpacks,2024-01-18T09:58:54.322387,100% |********************************| 2265k  0:00:00 ETA,16.3662
75,step-inject-buildpacks,2024-01-18T09:58:54.322417,saved ,16.3663
76,step-inject-buildpacks,2024-01-18T09:58:54.322720,jq,16.3666
77,step-inject-buildpacks,2024-01-18T09:58:54.325094,/tmp_builder/order.toml,16.3689
78,step-inject-buildpacks,2024-01-18T09:58:54.325152,local buildpacks_dir=/tmp_builder/buildpacks ,16.3690
79,step-inject-buildpacks,2024-01-18T09:58:54.325161,local order_toml=/tmp_builder/order.toml ,16.3690
80,step-inject-buildpacks,2024-01-18T09:58:54.325167,local version ,16.3690
81,step-inject-buildpacks,2024-01-18T09:58:54.326284,ls /tmp_builder/buildpacks/heroku_nodejs ,16.3701
82,step-inject-buildpacks,2024-01-18T09:58:54.327635,version=2.5.0 ,16.3715
83,step-inject-buildpacks,2024-01-18T09:58:54.327783,local procfile_version ,16.3716
84,step-inject-buildpacks,2024-01-18T09:58:54.328980,ls /tmp_builder/buildpacks/heroku_procfile ,16.3728
85,step-inject-buildpacks,2024-01-18T09:58:54.330297,procfile_version=2.0.2 ,16.3742
86,step-inject-buildpacks,2024-01-18T09:58:54.330481,heroku/nodejs 2,16.3743
87,step-inject-buildpacks,2024-01-18T09:58:54.330940,local toml_file=/tmp_builder/order.toml ,16.3748
88,step-inject-buildpacks,2024-01-18T09:58:54.331386,local id=heroku/nodejs ,16.3752
89,step-inject-buildpacks,2024-01-18T09:58:54.331405,local expected_length=2 ,16.3753
90,step-inject-buildpacks,2024-01-18T09:58:54.331855,local tmpdir ,16.3757
91,step-inject-buildpacks,2024-01-18T09:58:54.332845,mktemp -d ,16.3767
92,step-inject-buildpacks,2024-01-18T09:58:54.333996,tmpdir=/tmp/tmp.EmaHIO ,16.3778
93,step-inject-buildpacks,2024-01-18T09:58:54.334123,local tmp_toml=/tmp/tmp.EmaHIO/tmp.toml ,16.3780
94,step-inject-buildpacks,2024-01-18T09:58:54.335092,./tomljson /tmp_builder/order.toml ,16.3789
95,step-inject-buildpacks,2024-01-18T09:58:54.335123,"type==""object"" and (.group|length)==2 and .group[0].id==""heroku/nodejs"" then empty else . end)'",16.3790
96,step-inject-buildpacks,2024-01-18T09:58:54.335980,./jsontoml ,16.3798
97,step-inject-buildpacks,2024-01-18T09:58:54.340027,/tmp_builder/order.toml,16.3839
98,step-inject-buildpacks,2024-01-18T09:58:54.341602,/tmp_builder/order.toml,16.3855
99,step-inject-buildpacks,2024-01-18T09:58:54.342941,/tmp/tmp.EmaHIO,16.3868
100,step-inject-buildpacks,2024-01-18T09:58:54.344270,cat ,16.3881
101,step-inject-buildpacks,2024-01-18T09:58:54.345534,/tmp_builder/order.toml,16.3894
102,step-inject-buildpacks,2024-01-18T09:58:54.345607,local buildpacks_dir=/tmp_builder/buildpacks ,16.3895
103,step-inject-buildpacks,2024-01-18T09:58:54.346352,local order_toml=/tmp_builder/order.toml ,16.3902
104,step-inject-buildpacks,2024-01-18T09:58:54.346381,/tmp_builder/buildpacks/jincod_dotnetcore-buildpack/7.0.401/,16.3902
105,step-inject-buildpacks,2024-01-18T09:58:54.346530,local url=https://gitlab.wikimedia.org/repos/cloud/toolforge/buildpacks/dotnetcore-buildpack/-/archive/move_to_api_0.10/dotnetcore-buildpack-move_to_api_0.10.zip ,16.3904
106,step-inject-buildpacks,2024-01-18T09:58:54.346542,local dest_dir=/tmp_builder/buildpacks/jincod_dotnetcore-buildpack/7.0.401/ ,16.3904
107,step-inject-buildpacks,2024-01-18T09:58:54.346545,local tmpdir ,16.3904
108,step-inject-buildpacks,2024-01-18T09:58:54.347662,mktemp -d ,16.3915
109,step-inject-buildpacks,2024-01-18T09:58:54.348540,tmpdir=/tmp/tmp.pJBfIB ,16.3924
110,step-inject-buildpacks,2024-01-18T09:58:54.348700,cd /tmp/tmp.pJBfIB ,16.3926
111,step-inject-buildpacks,2024-01-18T09:58:54.349162,wget https://gitlab.wikimedia.org/repos/cloud/toolforge/buildpacks/dotnetcore-buildpack/-/archive/move_to_api_0.10/dotnetcore-buildpack-move_to_api_0.10.zip ,16.3930
112,step-inject-buildpacks,2024-01-18T09:58:54.350976,(208.80.153.8:443),16.3948
113,step-inject-buildpacks,2024-01-18T09:58:55.120394,to 'dotnetcore-buildpack-move_to_api_0.10.zip' ,17.1642
114,step-inject-buildpacks,2024-01-18T09:58:55.977215,|***************                 |  884k  0:00:01 ETA,18.0211
115,step-inject-buildpacks,2024-01-18T09:58:56.123035,1810k  0:00:00 ETA,18.1669
116,step-inject-buildpacks,2024-01-18T09:58:56.123400,saved ,18.1673
117,step-inject-buildpacks,2024-01-18T09:58:56.125300,dotnetcore-buildpack-move_to_api_0.10.zip,18.1692
118,step-inject-buildpacks,2024-01-18T09:58:56.129043, dotnetcore-buildpack-move_to_api_0.10.zip ,18.1729
119,step-inject-buildpacks,2024-01-18T09:58:56.187825,creating: dotnetcore-buildpack-move_to_api_0.10/,18.2317
120,step-inject-buildpacks,2024-01-18T09:58:56.187842,dotnetcore-buildpack-move_to_api_0.10/.gitattributes,18.2317
121,step-inject-buildpacks,2024-01-18T09:58:56.187845,creating: dotnetcore-buildpack-move_to_api_0.10/.github/,18.2317
122,step-inject-buildpacks,2024-01-18T09:58:56.187848,creating: dotnetcore-buildpack-move_to_api_0.10/.github/workflows/,18.2317
123,step-inject-buildpacks,2024-01-18T09:58:56.187850,dotnetcore-buildpack-move_to_api_0.10/.github/workflows/main.yml,18.2317
124,step-inject-buildpacks,2024-01-18T09:58:56.187852,creating: dotnetcore-buildpack-move_to_api_0.10/bin/,18.2317
125,step-inject-buildpacks,2024-01-18T09:58:56.187854,dotnetcore-buildpack-move_to_api_0.10/bin/build,18.2317
126,step-inject-buildpacks,2024-01-18T09:58:56.187862,dotnetcore-buildpack-move_to_api_0.10/bin/detect,18.2317
127,step-inject-buildpacks,2024-01-18T09:58:56.187865,dotnetcore-buildpack-move_to_api_0.10/bin/exports,18.2317
128,step-inject-buildpacks,2024-01-18T09:58:56.187867,dotnetcore-buildpack-move_to_api_0.10/bin/release,18.2317
129,step-inject-buildpacks,2024-01-18T09:58:56.187873,dotnetcore-buildpack-move_to_api_0.10/buildpack.toml,18.2317
130,step-inject-buildpacks,2024-01-18T09:58:56.187879,dotnetcore-buildpack-move_to_api_0.10/package.toml,18.2317
131,step-inject-buildpacks,2024-01-18T09:58:56.187882,creating: dotnetcore-buildpack-move_to_api_0.10/target/,18.2317
132,step-inject-buildpacks,2024-01-18T09:58:56.187884,dotnetcore-buildpack-move_to_api_0.10/target/.gitattributes,18.2317
133,step-inject-buildpacks,2024-01-18T09:58:56.187887,creating: dotnetcore-buildpack-move_to_api_0.10/target/.github/,18.2317
134,step-inject-buildpacks,2024-01-18T09:58:56.189942,creating: dotnetcore-buildpack-move_to_api_0.10/target/.github/workflows/,18.2338
135,step-inject-buildpacks,2024-01-18T09:58:56.189954,dotnetcore-buildpack-move_to_api_0.10/target/.github/workflows/main.yml,18.2338
136,step-inject-buildpacks,2024-01-18T09:58:56.189957,dotnetcore-buildpack-move_to_api_0.10/target/.gitignore,18.2338
137,step-inject-buildpacks,2024-01-18T09:58:56.189960,dotnetcore-buildpack-move_to_api_0.10/target/CHANGELOG.md,18.2338
138,step-inject-buildpacks,2024-01-18T09:58:56.189962,dotnetcore-buildpack-move_to_api_0.10/target/CODE_OF_CONDUCT.md,18.2338
139,step-inject-buildpacks,2024-01-18T09:58:56.189965,dotnetcore-buildpack-move_to_api_0.10/target/LICENSE,18.2338
140,step-inject-buildpacks,2024-01-18T09:58:56.189967,dotnetcore-buildpack-move_to_api_0.10/target/Makefile,18.2338
141,step-inject-buildpacks,2024-01-18T09:58:56.189970,dotnetcore-buildpack-move_to_api_0.10/target/README.md,18.2338
142,step-inject-buildpacks,2024-01-18T09:58:56.189973,creating: dotnetcore-buildpack-move_to_api_0.10/target/bin/,18.2338
143,step-inject-buildpacks,2024-01-18T09:58:56.189975,dotnetcore-buildpack-move_to_api_0.10/target/bin/compile,18.2338
144,step-inject-buildpacks,2024-01-18T09:58:56.189978,dotnetcore-buildpack-move_to_api_0.10/target/bin/detect,18.2338
145,step-inject-buildpacks,2024-01-18T09:58:56.189980,dotnetcore-buildpack-move_to_api_0.10/target/bin/release,18.2338
146,step-inject-buildpacks,2024-01-18T09:58:56.189983,creating: dotnetcore-buildpack-move_to_api_0.10/target/lib/,18.2338
147,step-inject-buildpacks,2024-01-18T09:58:56.189985,dotnetcore-buildpack-move_to_api_0.10/target/lib/utils,18.2338
148,step-inject-buildpacks,2024-01-18T09:58:56.189989,creating: dotnetcore-buildpack-move_to_api_0.10/target/profile/,18.2338
149,step-inject-buildpacks,2024-01-18T09:58:56.190539,dotnetcore-buildpack-move_to_api_0.10/target/profile/aspnetcore-defaults.sh,18.2344
150,step-inject-buildpacks,2024-01-18T09:58:56.190561,creating: dotnetcore-buildpack-move_to_api_0.10/target/test/,18.2344
151,step-inject-buildpacks,2024-01-18T09:58:56.190564,creating: dotnetcore-buildpack-move_to_api_0.10/target/test/fixtures/,18.2344
152,step-inject-buildpacks,2024-01-18T09:58:56.190567,creating: dotnetcore-buildpack-move_to_api_0.10/target/test/fixtures/custom-procfile/,18.2344
153,step-inject-buildpacks,2024-01-18T09:58:56.190569,dotnetcore-buildpack-move_to_api_0.10/target/test/fixtures/custom-procfile/Procfile,18.2344
154,step-inject-buildpacks,2024-01-18T09:58:56.190571,dotnetcore-buildpack-move_to_api_0.10/target/test/fixtures/custom-procfile/Program.cs,18.2344
155,step-inject-buildpacks,2024-01-18T09:58:56.190573,dotnetcore-buildpack-move_to_api_0.10/target/test/fixtures/custom-procfile/Startup.cs,18.2344
156,step-inject-buildpacks,2024-01-18T09:58:56.190576,dotnetcore-buildpack-move_to_api_0.10/target/test/fixtures/custom-procfile/Web.csproj,18.2344
157,step-inject-buildpacks,2024-01-18T09:58:56.190578,creating: dotnetcore-buildpack-move_to_api_0.10/target/test/fixtures/dotnet-6.0/,18.2344
158,step-inject-buildpacks,2024-01-18T09:58:56.190580,dotnetcore-buildpack-move_to_api_0.10/target/test/fixtures/dotnet-6.0/Program.cs,18.2344
159,step-inject-buildpacks,2024-01-18T09:58:56.190582,dotnetcore-buildpack-move_to_api_0.10/target/test/fixtures/dotnet-6.0/Startup.cs,18.2344
160,step-inject-buildpacks,2024-01-18T09:58:56.190584,dotnetcore-buildpack-move_to_api_0.10/target/test/fixtures/dotnet-6.0/dotnet-6.0.csproj,18.2344
161,step-inject-buildpacks,2024-01-18T09:58:56.192999,creating: dotnetcore-buildpack-move_to_api_0.10/target/test/fixtures/dotnetcore-2.1/,18.2369
162,step-inject-buildpacks,2024-01-18T09:58:56.193012,dotnetcore-buildpack-move_to_api_0.10/target/test/fixtures/dotnetcore-2.1/Program.cs,18.2369
163,step-inject-buildpacks,2024-01-18T09:58:56.193015,dotnetcore-buildpack-move_to_api_0.10/target/test/fixtures/dotnetcore-2.1/Startup.cs,18.2369
164,step-inject-buildpacks,2024-01-18T09:58:56.193017,dotnetcore-buildpack-move_to_api_0.10/target/test/fixtures/dotnetcore-2.1/dotnetcore-2.1.csproj,18.2369
165,step-inject-buildpacks,2024-01-18T09:58:56.193020,creating: dotnetcore-buildpack-move_to_api_0.10/target/test/fixtures/dotnetcore-2.2/,18.2369
166,step-inject-buildpacks,2024-01-18T09:58:56.193029,dotnetcore-buildpack-move_to_api_0.10/target/test/fixtures/dotnetcore-2.2/Program.cs,18.2369
167,step-inject-buildpacks,2024-01-18T09:58:56.193031,dotnetcore-buildpack-move_to_api_0.10/target/test/fixtures/dotnetcore-2.2/Startup.cs,18.2369
168,step-inject-buildpacks,2024-01-18T09:58:56.193045,dotnetcore-buildpack-move_to_api_0.10/target/test/fixtures/dotnetcore-2.2/dotnetcore-2.2.csproj,18.2369
169,step-inject-buildpacks,2024-01-18T09:58:56.193047,creating: dotnetcore-buildpack-move_to_api_0.10/target/test/fixtures/dotnetcore-2/,18.2369
170,step-inject-buildpacks,2024-01-18T09:58:56.193050,dotnetcore-buildpack-move_to_api_0.10/target/test/fixtures/dotnetcore-2/Program.cs,18.2369
171,step-inject-buildpacks,2024-01-18T09:58:56.193052,dotnetcore-buildpack-move_to_api_0.10/target/test/fixtures/dotnetcore-2/Startup.cs,18.2369
172,step-inject-buildpacks,2024-01-18T09:58:56.194263,dotnetcore-buildpack-move_to_api_0.10/target/test/fixtures/dotnetcore-2/dotnetcore-2.csproj,18.2381
173,step-inject-buildpacks,2024-01-18T09:58:56.194273,creating: dotnetcore-buildpack-move_to_api_0.10/target/test/fixtures/dotnetcore-3.0/,18.2381
174,step-inject-buildpacks,2024-01-18T09:58:56.194276,dotnetcore-buildpack-move_to_api_0.10/target/test/fixtures/dotnetcore-3.0/Program.cs,18.2381
175,step-inject-buildpacks,2024-01-18T09:58:56.194278,dotnetcore-buildpack-move_to_api_0.10/target/test/fixtures/dotnetcore-3.0/Startup.cs,18.2381
176,step-inject-buildpacks,2024-01-18T09:58:56.194280,dotnetcore-buildpack-move_to_api_0.10/target/test/fixtures/dotnetcore-3.0/dotnetcore-3.0.csproj,18.2381
177,step-inject-buildpacks,2024-01-18T09:58:56.194282,creating: dotnetcore-buildpack-move_to_api_0.10/target/test/fixtures/dotnetcore-3.1/,18.2381
178,step-inject-buildpacks,2024-01-18T09:58:56.194285,dotnetcore-buildpack-move_to_api_0.10/target/test/fixtures/dotnetcore-3.1/Program.cs,18.2381
179,step-inject-buildpacks,2024-01-18T09:58:56.194288,dotnetcore-buildpack-move_to_api_0.10/target/test/fixtures/dotnetcore-3.1/Startup.cs,18.2381
180,step-inject-buildpacks,2024-01-18T09:58:56.194291,dotnetcore-buildpack-move_to_api_0.10/target/test/fixtures/dotnetcore-3.1/dotnetcore-3.1.csproj,18.2381
181,step-inject-buildpacks,2024-01-18T09:58:56.194293,creating: dotnetcore-buildpack-move_to_api_0.10/target/test/fixtures/dotnetcore-5.0/,18.2381
182,step-inject-buildpacks,2024-01-18T09:58:56.194295,dotnetcore-buildpack-move_to_api_0.10/target/test/fixtures/dotnetcore-5.0/Program.cs,18.2381
183,step-inject-buildpacks,2024-01-18T09:58:56.196270,dotnetcore-buildpack-move_to_api_0.10/target/test/fixtures/dotnetcore-5.0/Startup.cs,18.2401
184,step-inject-buildpacks,2024-01-18T09:58:56.196282,dotnetcore-buildpack-move_to_api_0.10/target/test/fixtures/dotnetcore-5.0/dotnetcore-5.0.csproj,18.2401
185,step-inject-buildpacks,2024-01-18T09:58:56.196285,creating: dotnetcore-buildpack-move_to_api_0.10/target/test/fixtures/fsharp-dotnetcore-3.0/,18.2401
186,step-inject-buildpacks,2024-01-18T09:58:56.196288,dotnetcore-buildpack-move_to_api_0.10/target/test/fixtures/fsharp-dotnetcore-3.0/Program.fs,18.2401
187,step-inject-buildpacks,2024-01-18T09:58:56.196290,dotnetcore-buildpack-move_to_api_0.10/target/test/fixtures/fsharp-dotnetcore-3.0/dotnetcore-3.0.fsproj,18.2401
188,step-inject-buildpacks,2024-01-18T09:58:56.196295,creating: dotnetcore-buildpack-move_to_api_0.10/target/test/fixtures/local-tools/,18.2401
189,step-inject-buildpacks,2024-01-18T09:58:56.196298,dotnetcore-buildpack-move_to_api_0.10/target/test/fixtures/local-tools/Program.cs,18.2402
190,step-inject-buildpacks,2024-01-18T09:58:56.196324,/tmp_builder/buildpacks/jincod_dotnetcore-buildpack/7.0.401//,18.2402
191,step-inject-buildpacks,2024-01-18T09:58:56.196344,dotnetcore-buildpack-move_to_api_0.10/target/test/fixtures/local-tools/Startup.cs,18.2402
192,step-inject-buildpacks,2024-01-18T09:58:56.196353,dotnetcore-buildpack-move_to_api_0.10/target/test/fixtures/local-tools/dotnet-tools.json,18.2402
193,step-inject-buildpacks,2024-01-18T09:58:56.196358,dotnetcore-buildpack-move_to_api_0.10/target/test/fixtures/local-tools/local-tools.csproj,18.2402
194,step-inject-buildpacks,2024-01-18T09:58:56.196361,dotnetcore-buildpack-move_to_api_0.10/target/test/run,18.2402
195,step-inject-buildpacks,2024-01-18T09:58:56.196365,dotnetcore-buildpack-move_to_api_0.10/target/test/shunit2,18.2402
196,step-inject-buildpacks,2024-01-18T09:58:56.196369,dotnetcore-buildpack-move_to_api_0.10/target/test/utils,18.2402
197,step-inject-buildpacks,2024-01-18T09:58:56.197829,-- dotnetcore-buildpack-move_to_api_0.10/bin dotnetcore-buildpack-move_to_api_0.10/buildpack.toml dotnetcore-buildpack-move_to_api_0.10/package.toml dotnetcore-buildpack-move_to_api_0.10/target /tmp_builder/buildpacks/jincod_dotnetcore-buildpack/7.0.401//,18.2417
198,step-inject-buildpacks,2024-01-18T09:58:56.205312,cd - ,18.2492
199,step-inject-buildpacks,2024-01-18T09:58:56.205312,,18.2492
200,step-inject-buildpacks,2024-01-18T09:58:56.205353,/tmp/tmp.pJBfIB,18.2492
201,step-inject-buildpacks,2024-01-18T09:58:56.208524,local procfile_version ,18.2524
202,step-inject-buildpacks,2024-01-18T09:58:56.208701,ls /tmp_builder/buildpacks/heroku_procfile ,18.2526
203,step-inject-buildpacks,2024-01-18T09:58:56.209577,procfile_version=2.0.2 ,18.2534
204,step-inject-buildpacks,2024-01-18T09:58:56.209589,add_new_group /tmp_builder/order.toml ,18.2534
205,step-inject-buildpacks,2024-01-18T09:58:56.209596,local toml_file=/tmp_builder/order.toml ,18.2535
206,step-inject-buildpacks,2024-01-18T09:58:56.209600,local tmpdir ,18.2535
207,step-inject-buildpacks,2024-01-18T09:58:56.210277,mktemp -d ,18.2541
208,step-inject-buildpacks,2024-01-18T09:58:56.211168,tmpdir=/tmp/tmp.CGkDKf ,18.2550
209,step-inject-buildpacks,2024-01-18T09:58:56.211302,local tmp_toml=/tmp/tmp.CGkDKf/tmp.toml ,18.2552
210,step-inject-buildpacks,2024-01-18T09:58:56.211669,cat ,18.2555
211,step-inject-buildpacks,2024-01-18T09:58:56.212648,cat /tmp_builder/order.toml ,18.2565
212,step-inject-buildpacks,2024-01-18T09:58:56.213479,/tmp_builder/order.toml,18.2573
213,step-inject-buildpacks,2024-01-18T09:58:56.214345,/tmp_builder/order.toml,18.2582
214,step-inject-buildpacks,2024-01-18T09:58:56.215021,/tmp/tmp.CGkDKf,18.2589
215,step-inject-buildpacks,2024-01-18T09:58:56.215941,/tmp_builder/order.toml,18.2598
216,step-inject-buildpacks,2024-01-18T09:58:56.215957,local buildpacks_dir=/tmp_builder/buildpacks ,18.2598
217,step-inject-buildpacks,2024-01-18T09:58:56.215961,local order_toml=/tmp_builder/order.toml ,18.2598
218,step-inject-buildpacks,2024-01-18T09:58:56.215964,/tmp_builder/buildpacks/emk_rust/0.1/,18.2598
219,step-inject-buildpacks,2024-01-18T09:58:56.216033,local url=https://gitlab.wikimedia.org/repos/cloud/toolforge/buildpacks/rust-buildpack/-/archive/move_to_api_0.10/rust-buildpack-move_to_api_0.10.zip ,18.2599
220,step-inject-buildpacks,2024-01-18T09:58:56.216039,local dest_dir=/tmp_builder/buildpacks/emk_rust/0.1/ ,18.2599
221,step-inject-buildpacks,2024-01-18T09:58:56.216042,local tmpdir ,18.2599
222,step-inject-buildpacks,2024-01-18T09:58:56.216937,mktemp -d ,18.2608
223,step-inject-buildpacks,2024-01-18T09:58:56.217839,tmpdir=/tmp/tmp.pjiLKE ,18.2617
224,step-inject-buildpacks,2024-01-18T09:58:56.217851,cd /tmp/tmp.pjiLKE ,18.2617
225,step-inject-buildpacks,2024-01-18T09:58:56.217877,wget https://gitlab.wikimedia.org/repos/cloud/toolforge/buildpacks/rust-buildpack/-/archive/move_to_api_0.10/rust-buildpack-move_to_api_0.10.zip ,18.2617
226,step-inject-buildpacks,2024-01-18T09:58:56.379447,(208.80.153.8:443),18.4233
227,step-inject-buildpacks,2024-01-18T09:58:57.127036,to 'rust-buildpack-move_to_api_0.10.zip' ,19.1709
228,step-inject-buildpacks,2024-01-18T09:58:57.128418,6408  0:00:00 ETA,19.1723
229,step-inject-buildpacks,2024-01-18T09:58:57.129182,saved ,19.1730
230,step-inject-buildpacks,2024-01-18T09:58:57.136649,rust-buildpack-move_to_api_0.10.zip,19.1805
231,step-inject-buildpacks,2024-01-18T09:58:57.141536, rust-buildpack-move_to_api_0.10.zip ,19.1854
232,step-inject-buildpacks,2024-01-18T09:58:57.147925,creating: rust-buildpack-move_to_api_0.10/,19.1918
233,step-inject-buildpacks,2024-01-18T09:58:57.147987,rust-buildpack-move_to_api_0.10/.gitignore,19.1918
234,step-inject-buildpacks,2024-01-18T09:58:57.148005,rust-buildpack-move_to_api_0.10/README.md,19.1919
235,step-inject-buildpacks,2024-01-18T09:58:57.148018,creating: rust-buildpack-move_to_api_0.10/bin/,19.1919
236,step-inject-buildpacks,2024-01-18T09:58:57.148030,rust-buildpack-move_to_api_0.10/bin/build,19.1919
237,step-inject-buildpacks,2024-01-18T09:58:57.148042,rust-buildpack-move_to_api_0.10/bin/detect,19.1919
238,step-inject-buildpacks,2024-01-18T09:58:57.148054,rust-buildpack-move_to_api_0.10/bin/exports,19.1919
239,step-inject-buildpacks,2024-01-18T09:58:57.148068,rust-buildpack-move_to_api_0.10/buildpack.toml,19.1919
240,step-inject-buildpacks,2024-01-18T09:58:57.148080,rust-buildpack-move_to_api_0.10/package.toml,19.1919
241,step-inject-buildpacks,2024-01-18T09:58:57.148092,creating: rust-buildpack-move_to_api_0.10/target/,19.1919
242,step-inject-buildpacks,2024-01-18T09:58:57.148104,creating: rust-buildpack-move_to_api_0.10/target/bin/,19.1920
243,step-inject-buildpacks,2024-01-18T09:58:57.148142,rust-buildpack-move_to_api_0.10/target/bin/compile,19.1920
244,step-inject-buildpacks,2024-01-18T09:58:57.148156,rust-buildpack-move_to_api_0.10/target/bin/detect,19.1920
245,step-inject-buildpacks,2024-01-18T09:58:57.150481,/tmp_builder/buildpacks/emk_rust/0.1//,19.1943
246,step-inject-buildpacks,2024-01-18T09:58:57.154377,-- rust-buildpack-move_to_api_0.10/README.md rust-buildpack-move_to_api_0.10/bin rust-buildpack-move_to_api_0.10/buildpack.toml rust-buildpack-move_to_api_0.10/package.toml rust-buildpack-move_to_api_0.10/target /tmp_builder/buildpacks/emk_rust/0.1//,19.1982
247,step-inject-buildpacks,2024-01-18T09:58:57.158584,,19.2024
248,step-inject-buildpacks,2024-01-18T09:58:57.158596,cd - ,19.2024
249,step-inject-buildpacks,2024-01-18T09:58:57.158721,/tmp/tmp.pjiLKE,19.2026
250,step-inject-buildpacks,2024-01-18T09:58:57.163278,local procfile_version ,19.2071
251,step-inject-buildpacks,2024-01-18T09:58:57.165351,ls /tmp_builder/buildpacks/heroku_procfile ,19.2092
252,step-inject-buildpacks,2024-01-18T09:58:57.167256,procfile_version=2.0.2 ,19.2111
253,step-inject-buildpacks,2024-01-18T09:58:57.167347,add_new_group /tmp_builder/order.toml ,19.2112
254,step-inject-buildpacks,2024-01-18T09:58:57.167357,local toml_file=/tmp_builder/order.toml ,19.2112
255,step-inject-buildpacks,2024-01-18T09:58:57.167362,local tmpdir ,19.2112
256,step-inject-buildpacks,2024-01-18T09:58:57.177010,mktemp -d ,19.2209
257,step-inject-buildpacks,2024-01-18T09:58:57.177031,tmpdir=/tmp/tmp.BdOJKi ,19.2209
258,step-inject-buildpacks,2024-01-18T09:58:57.177036,local tmp_toml=/tmp/tmp.BdOJKi/tmp.toml ,19.2209
259,step-inject-buildpacks,2024-01-18T09:58:57.177039,cat ,19.2209
260,step-inject-buildpacks,2024-01-18T09:58:57.177043,cat /tmp_builder/order.toml ,19.2209
261,step-inject-buildpacks,2024-01-18T09:58:57.177086,/tmp_builder/order.toml,19.2209
262,step-inject-buildpacks,2024-01-18T09:58:57.177091,/tmp_builder/order.toml,19.2209
263,step-inject-buildpacks,2024-01-18T09:58:57.177094,/tmp/tmp.BdOJKi,19.2209
264,step-inject-buildpacks,2024-01-18T09:58:57.178011,/tmp_builder/order.toml,19.2219
265,step-inject-buildpacks,2024-01-18T09:58:57.178025,local buildpacks_dir=/tmp_builder/buildpacks ,19.2219
266,step-inject-buildpacks,2024-01-18T09:58:57.178030,local order_toml=/tmp_builder/order.toml ,19.2219
267,step-inject-buildpacks,2024-01-18T09:58:57.178038,/tmp_builder/buildpacks/heroku_clojure/0.1/,19.2219
268,step-inject-buildpacks,2024-01-18T09:58:57.178094,local url=https://gitlab.wikimedia.org/repos/cloud/toolforge/buildpacks/clojure-buildpack/-/archive/move_to_api_0.10/clojure-buildpack-move_to_api_0.10.zip ,19.2219
269,step-inject-buildpacks,2024-01-18T09:58:57.178103,local dest_dir=/tmp_builder/buildpacks/heroku_clojure/0.1/ ,19.2220
270,step-inject-buildpacks,2024-01-18T09:58:57.178107,local tmpdir ,19.2220
271,step-inject-buildpacks,2024-01-18T09:58:57.179938,mktemp -d ,19.2238
272,step-inject-buildpacks,2024-01-18T09:58:57.180326,tmpdir=/tmp/tmp.InpEgm ,19.2242
273,step-inject-buildpacks,2024-01-18T09:58:57.180338,cd /tmp/tmp.InpEgm ,19.2242
274,step-inject-buildpacks,2024-01-18T09:58:57.180342,wget https://gitlab.wikimedia.org/repos/cloud/toolforge/buildpacks/clojure-buildpack/-/archive/move_to_api_0.10/clojure-buildpack-move_to_api_0.10.zip ,19.2242
275,step-inject-buildpacks,2024-01-18T09:58:57.182913,(208.80.153.8:443),19.2268
276,step-inject-buildpacks,2024-01-18T09:58:57.898379,to 'clojure-buildpack-move_to_api_0.10.zip' ,19.9422
277,step-inject-buildpacks,2024-01-18T09:58:58.892855,|*************************       | 1430k  0:00:00 ETA,20.9367
278,step-inject-buildpacks,2024-01-18T09:58:58.907200,1791k  0:00:00 ETA,20.9511
279,step-inject-buildpacks,2024-01-18T09:58:58.907266,saved ,20.9511
280,step-inject-buildpacks,2024-01-18T09:58:58.910082,clojure-buildpack-move_to_api_0.10.zip,20.9539
281,step-inject-buildpacks,2024-01-18T09:58:58.913723, clojure-buildpack-move_to_api_0.10.zip ,20.9576
282,step-inject-buildpacks,2024-01-18T09:58:58.973892,creating: clojure-buildpack-move_to_api_0.10/,21.0177
283,step-inject-buildpacks,2024-01-18T09:58:58.973930,clojure-buildpack-move_to_api_0.10/.gitignore,21.0178
284,step-inject-buildpacks,2024-01-18T09:58:58.973934,creating: clojure-buildpack-move_to_api_0.10/bin/,21.0178
285,step-inject-buildpacks,2024-01-18T09:58:58.973936,clojure-buildpack-move_to_api_0.10/bin/build,21.0178
286,step-inject-buildpacks,2024-01-18T09:58:58.973938,clojure-buildpack-move_to_api_0.10/bin/detect,21.0178
287,step-inject-buildpacks,2024-01-18T09:58:58.973947,clojure-buildpack-move_to_api_0.10/bin/exports,21.0178
288,step-inject-buildpacks,2024-01-18T09:58:58.973949,clojure-buildpack-move_to_api_0.10/bin/release,21.0178
289,step-inject-buildpacks,2024-01-18T09:58:58.973951,clojure-buildpack-move_to_api_0.10/buildpack.toml,21.0178
290,step-inject-buildpacks,2024-01-18T09:58:58.973954,clojure-buildpack-move_to_api_0.10/package.toml,21.0178
291,step-inject-buildpacks,2024-01-18T09:58:58.973956,creating: clojure-buildpack-move_to_api_0.10/target/,21.0178
292,step-inject-buildpacks,2024-01-18T09:58:58.973958,clojure-buildpack-move_to_api_0.10/target/CHANGELOG.md,21.0178
293,step-inject-buildpacks,2024-01-18T09:58:58.973960,clojure-buildpack-move_to_api_0.10/target/LICENSE,21.0178
294,step-inject-buildpacks,2024-01-18T09:58:58.973962,clojure-buildpack-move_to_api_0.10/target/README.md,21.0178
295,step-inject-buildpacks,2024-01-18T09:58:58.973964,creating: clojure-buildpack-move_to_api_0.10/target/bin/,21.0178
296,step-inject-buildpacks,2024-01-18T09:58:58.973967,clojure-buildpack-move_to_api_0.10/target/bin/compile,21.0178
297,step-inject-buildpacks,2024-01-18T09:58:58.973969,clojure-buildpack-move_to_api_0.10/target/bin/detect,21.0178
298,step-inject-buildpacks,2024-01-18T09:58:58.975088,clojure-buildpack-move_to_api_0.10/target/bin/release,21.0189
299,step-inject-buildpacks,2024-01-18T09:58:58.975105,clojure-buildpack-move_to_api_0.10/target/bin/test,21.0190
300,step-inject-buildpacks,2024-01-18T09:58:58.975108,clojure-buildpack-move_to_api_0.10/target/bin/test-compile,21.0190
301,step-inject-buildpacks,2024-01-18T09:58:58.975111,clojure-buildpack-move_to_api_0.10/target/buildpack.toml,21.0190
302,step-inject-buildpacks,2024-01-18T09:58:58.975113,creating: clojure-buildpack-move_to_api_0.10/target/lib/,21.0190
303,step-inject-buildpacks,2024-01-18T09:58:58.975115,clojure-buildpack-move_to_api_0.10/target/lib/buildpack-stdlib-v7.sh,21.0190
304,step-inject-buildpacks,2024-01-18T09:58:58.975117,clojure-buildpack-move_to_api_0.10/target/lib/common.sh,21.0190
305,step-inject-buildpacks,2024-01-18T09:58:58.975120,clojure-buildpack-move_to_api_0.10/target/lib/lein.sh,21.0190
306,step-inject-buildpacks,2024-01-18T09:58:58.975122,creating: clojure-buildpack-move_to_api_0.10/target/opt/,21.0190
307,step-inject-buildpacks,2024-01-18T09:58:58.975124,clojure-buildpack-move_to_api_0.10/target/opt/lein1,21.0190
308,step-inject-buildpacks,2024-01-18T09:58:58.975126,clojure-buildpack-move_to_api_0.10/target/opt/lein2,21.0190
309,step-inject-buildpacks,2024-01-18T09:58:58.975128,clojure-buildpack-move_to_api_0.10/target/opt/profiles.clj,21.0190
310,step-inject-buildpacks,2024-01-18T09:58:58.975751,/tmp_builder/buildpacks/heroku_clojure/0.1//,21.0196
311,step-inject-buildpacks,2024-01-18T09:58:58.976994,-- clojure-buildpack-move_to_api_0.10/bin clojure-buildpack-move_to_api_0.10/buildpack.toml clojure-buildpack-move_to_api_0.10/package.toml clojure-buildpack-move_to_api_0.10/target /tmp_builder/buildpacks/heroku_clojure/0.1//,21.0208
312,step-inject-buildpacks,2024-01-18T09:58:58.981445,,21.0253
313,step-inject-buildpacks,2024-01-18T09:58:58.981451,cd - ,21.0253
314,step-inject-buildpacks,2024-01-18T09:58:58.981467,/tmp/tmp.InpEgm,21.0253
315,step-inject-buildpacks,2024-01-18T09:58:58.983596,local procfile_version ,21.0275
316,step-inject-buildpacks,2024-01-18T09:58:58.984194,ls /tmp_builder/buildpacks/heroku_procfile ,21.0280
317,step-inject-buildpacks,2024-01-18T09:58:58.985101,procfile_version=2.0.2 ,21.0290
318,step-inject-buildpacks,2024-01-18T09:58:58.985113,add_new_group /tmp_builder/order.toml ,21.0290
319,step-inject-buildpacks,2024-01-18T09:58:58.985342,local toml_file=/tmp_builder/order.toml ,21.0292
320,step-inject-buildpacks,2024-01-18T09:58:58.985352,local tmpdir ,21.0292
321,step-inject-buildpacks,2024-01-18T09:58:58.985727,mktemp -d ,21.0296
322,step-inject-buildpacks,2024-01-18T09:58:58.986258,tmpdir=/tmp/tmp.bNnODf ,21.0301
323,step-inject-buildpacks,2024-01-18T09:58:58.986272,local tmp_toml=/tmp/tmp.bNnODf/tmp.toml ,21.0301
324,step-inject-buildpacks,2024-01-18T09:58:58.986277,cat ,21.0301
325,step-inject-buildpacks,2024-01-18T09:58:58.987069,cat /tmp_builder/order.toml ,21.0309
326,step-inject-buildpacks,2024-01-18T09:58:58.988188,/tmp_builder/order.toml,21.0320
327,step-inject-buildpacks,2024-01-18T09:58:58.989105,/tmp_builder/order.toml,21.0330
328,step-inject-buildpacks,2024-01-18T09:58:58.989942,/tmp/tmp.bNnODf,21.0338
329,step-inject-buildpacks,2024-01-18T09:58:58.990825,/tmp_builder/order.toml,21.0347
330,step-inject-buildpacks,2024-01-18T09:58:58.990850,local buildpacks_dir=/tmp_builder/buildpacks ,21.0347
331,step-inject-buildpacks,2024-01-18T09:58:58.990861,local order_toml=/tmp_builder/order.toml ,21.0347
332,step-inject-buildpacks,2024-01-18T09:58:58.990866,/tmp_builder/buildpacks/heroku-community_locale/0.1/,21.0347
333,step-inject-buildpacks,2024-01-18T09:58:58.990905,local url=https://gitlab.wikimedia.org/repos/cloud/toolforge/buildpacks/locale-buildpack/-/archive/move_to_api_0.10/dotnetcore-buildpack-move_to_api_0.10.zip ,21.0348
334,step-inject-buildpacks,2024-01-18T09:58:58.990914,local dest_dir=/tmp_builder/buildpacks/heroku-community_locale/0.1/ ,21.0348
335,step-inject-buildpacks,2024-01-18T09:58:58.990919,local tmpdir ,21.0348
336,step-inject-buildpacks,2024-01-18T09:58:58.991987,mktemp -d ,21.0358
337,step-inject-buildpacks,2024-01-18T09:58:58.992989,tmpdir=/tmp/tmp.FCPNjj ,21.0368
338,step-inject-buildpacks,2024-01-18T09:58:58.993004,cd /tmp/tmp.FCPNjj ,21.0369
339,step-inject-buildpacks,2024-01-18T09:58:58.993014,wget https://gitlab.wikimedia.org/repos/cloud/toolforge/buildpacks/locale-buildpack/-/archive/move_to_api_0.10/dotnetcore-buildpack-move_to_api_0.10.zip ,21.0369
340,step-inject-buildpacks,2024-01-18T09:58:58.994693,(208.80.153.8:443),21.0385
341,step-inject-buildpacks,2024-01-18T09:58:59.712623,to 'dotnetcore-buildpack-move_to_api_0.10.zip' ,21.7565
342,step-inject-buildpacks,2024-01-18T09:58:59.996116,2% |                                | 39447  0:00:45 ETA,22.0400
343,step-inject-buildpacks,2024-01-18T09:59:00.577782,1779k  0:00:00 ETA,22.6216
344,step-inject-buildpacks,2024-01-18T09:59:00.578622,saved ,22.6225
345,step-inject-buildpacks,2024-01-18T09:59:00.583499,dotnetcore-buildpack-move_to_api_0.10.zip,22.6274
346,step-inject-buildpacks,2024-01-18T09:59:00.587442, dotnetcore-buildpack-move_to_api_0.10.zip ,22.6313
347,step-inject-buildpacks,2024-01-18T09:59:00.628445,creating: locale-buildpack-move_to_api_0.10-2efc2596edd75089f11d79a43cd547c520aee3e3/,22.6723
348,step-inject-buildpacks,2024-01-18T09:59:00.628461,locale-buildpack-move_to_api_0.10-2efc2596edd75089f11d79a43cd547c520aee3e3/.gitignore,22.6723
349,step-inject-buildpacks,2024-01-18T09:59:00.628464,creating: locale-buildpack-move_to_api_0.10-2efc2596edd75089f11d79a43cd547c520aee3e3/bin/,22.6723
350,step-inject-buildpacks,2024-01-18T09:59:00.628467,locale-buildpack-move_to_api_0.10-2efc2596edd75089f11d79a43cd547c520aee3e3/bin/build,22.6723
351,step-inject-buildpacks,2024-01-18T09:59:00.628469,locale-buildpack-move_to_api_0.10-2efc2596edd75089f11d79a43cd547c520aee3e3/bin/detect,22.6723
352,step-inject-buildpacks,2024-01-18T09:59:00.628471,locale-buildpack-move_to_api_0.10-2efc2596edd75089f11d79a43cd547c520aee3e3/bin/exports,22.6723
353,step-inject-buildpacks,2024-01-18T09:59:00.628474,locale-buildpack-move_to_api_0.10-2efc2596edd75089f11d79a43cd547c520aee3e3/bin/release,22.6723
354,step-inject-buildpacks,2024-01-18T09:59:00.628476,locale-buildpack-move_to_api_0.10-2efc2596edd75089f11d79a43cd547c520aee3e3/buildpack.toml,22.6723
355,step-inject-buildpacks,2024-01-18T09:59:00.628478,locale-buildpack-move_to_api_0.10-2efc2596edd75089f11d79a43cd547c520aee3e3/package.toml,22.6723
356,step-inject-buildpacks,2024-01-18T09:59:00.628480,creating: locale-buildpack-move_to_api_0.10-2efc2596edd75089f11d79a43cd547c520aee3e3/target/,22.6723
357,step-inject-buildpacks,2024-01-18T09:59:00.630213,locale-buildpack-move_to_api_0.10-2efc2596edd75089f11d79a43cd547c520aee3e3/target/.gitignore,22.6741
358,step-inject-buildpacks,2024-01-18T09:59:00.630232,locale-buildpack-move_to_api_0.10-2efc2596edd75089f11d79a43cd547c520aee3e3/target/Dockerfile,22.6741
359,step-inject-buildpacks,2024-01-18T09:59:00.630236,locale-buildpack-move_to_api_0.10-2efc2596edd75089f11d79a43cd547c520aee3e3/target/LICENSE,22.6741
360,step-inject-buildpacks,2024-01-18T09:59:00.630238,locale-buildpack-move_to_api_0.10-2efc2596edd75089f11d79a43cd547c520aee3e3/target/Makefile,22.6741
361,step-inject-buildpacks,2024-01-18T09:59:00.630240,locale-buildpack-move_to_api_0.10-2efc2596edd75089f11d79a43cd547c520aee3e3/target/README.md,22.6741
362,step-inject-buildpacks,2024-01-18T09:59:00.630245,creating: locale-buildpack-move_to_api_0.10-2efc2596edd75089f11d79a43cd547c520aee3e3/target/bin/,22.6741
363,step-inject-buildpacks,2024-01-18T09:59:00.630256,locale-buildpack-move_to_api_0.10-2efc2596edd75089f11d79a43cd547c520aee3e3/target/bin/compile,22.6741
364,step-inject-buildpacks,2024-01-18T09:59:00.630259,locale-buildpack-move_to_api_0.10-2efc2596edd75089f11d79a43cd547c520aee3e3/target/bin/detect,22.6741
365,step-inject-buildpacks,2024-01-18T09:59:00.630261,locale-buildpack-move_to_api_0.10-2efc2596edd75089f11d79a43cd547c520aee3e3/target/docker-compose.yml,22.6741
366,step-inject-buildpacks,2024-01-18T09:59:00.630264,creating: locale-buildpack-move_to_api_0.10-2efc2596edd75089f11d79a43cd547c520aee3e3/target/fixtures/,22.6741
367,step-inject-buildpacks,2024-01-18T09:59:00.630902,creating: locale-buildpack-move_to_api_0.10-2efc2596edd75089f11d79a43cd547c520aee3e3/target/fixtures/app/,22.6748
368,step-inject-buildpacks,2024-01-18T09:59:00.630912,locale-buildpack-move_to_api_0.10-2efc2596edd75089f11d79a43cd547c520aee3e3/target/fixtures/app/.locales,22.6748
369,step-inject-buildpacks,2024-01-18T09:59:00.630915,creating: locale-buildpack-move_to_api_0.10-2efc2596edd75089f11d79a43cd547c520aee3e3/target/fixtures/env/,22.6748
370,step-inject-buildpacks,2024-01-18T09:59:00.630918,locale-buildpack-move_to_api_0.10-2efc2596edd75089f11d79a43cd547c520aee3e3/target/fixtures/env/LANG,22.6748
371,step-inject-buildpacks,2024-01-18T09:59:00.631229,/tmp_builder/buildpacks/heroku-community_locale/0.1//,22.6751
372,step-inject-buildpacks,2024-01-18T09:59:00.632520,-- locale-buildpack-move_to_api_0.10-2efc2596edd75089f11d79a43cd547c520aee3e3/bin locale-buildpack-move_to_api_0.10-2efc2596edd75089f11d79a43cd547c520aee3e3/buildpack.toml locale-buildpack-move_to_api_0.10-2efc2596edd75089f11d79a43cd547c520aee3e3/package.toml locale-buildpack-move_to_api_0.10-2efc2596edd75089f11d79a43cd547c520aee3e3/target /tmp_builder/buildpacks/heroku-community_locale/0.1//,22.6764
373,step-inject-buildpacks,2024-01-18T09:59:00.636822,cd - ,22.6807
374,step-inject-buildpacks,2024-01-18T09:59:00.636849,,22.6807
375,step-inject-buildpacks,2024-01-18T09:59:00.636931,/tmp/tmp.FCPNjj,22.6808
376,step-inject-buildpacks,2024-01-18T09:59:00.638851,local 'nodejs_group=[[order]]\ ,22.6827
377,step-inject-buildpacks,2024-01-18T09:59:00.638864,[[order.group]]\,22.6827
378,step-inject-buildpacks,2024-01-18T09:59:00.638868,"id = ""heroku-community/locale""\",22.6827
379,step-inject-buildpacks,2024-01-18T09:59:00.638870,"version = ""0.1""\",22.6827
380,step-inject-buildpacks,2024-01-18T09:59:00.638873,optional = true\,22.6827
381,step-inject-buildpacks,2024-01-18T09:59:00.639076,',22.6829
382,step-inject-buildpacks,2024-01-18T09:59:00.639088,'[[order]]\,22.6829
383,step-inject-buildpacks,2024-01-18T09:59:00.639091,[[order.group]]\,22.6829
384,step-inject-buildpacks,2024-01-18T09:59:00.639093,"id = ""heroku-community/locale""\",22.6829
385,step-inject-buildpacks,2024-01-18T09:59:00.639096,"version = ""0.1""\",22.6830
386,step-inject-buildpacks,2024-01-18T09:59:00.639098,optional = true\,22.6830
387,step-inject-buildpacks,2024-01-18T09:59:00.639100,',22.6830
388,step-inject-buildpacks,2024-01-18T09:59:00.639299,local toml_file=/tmp_builder/order.toml ,22.6832
389,step-inject-buildpacks,2024-01-18T09:59:00.639955,local 'group_entry=[[order]]\ ,22.6838
390,step-inject-buildpacks,2024-01-18T09:59:00.639967,[[order.group]]\,22.6838
391,step-inject-buildpacks,2024-01-18T09:59:00.639970,"id = ""heroku-community/locale""\",22.6838
392,step-inject-buildpacks,2024-01-18T09:59:00.639973,"version = ""0.1""\",22.6838
393,step-inject-buildpacks,2024-01-18T09:59:00.639975,optional = true\,22.6838
394,step-inject-buildpacks,2024-01-18T09:59:00.639988,',22.6838
395,step-inject-buildpacks,2024-01-18T09:59:00.640137,'s|\[\[order\]\]|[[order]]\,22.6840
396,step-inject-buildpacks,2024-01-18T09:59:00.640143,[[order.group]]\,22.6840
397,step-inject-buildpacks,2024-01-18T09:59:00.640145,"id = ""heroku-community/locale""\",22.6840
398,step-inject-buildpacks,2024-01-18T09:59:00.640147,"version = ""0.1""\",22.6840
399,step-inject-buildpacks,2024-01-18T09:59:00.640149,optional = true\,22.6840
400,step-inject-buildpacks,2024-01-18T09:59:00.640609,|' /tmp_builder/order.toml,22.6845
401,step-inject-buildpacks,2024-01-18T09:59:00.641865,/tmp_builder/order.toml,22.6857
402,step-inject-buildpacks,2024-01-18T09:59:00.642010,local buildpacks_dir=/tmp_builder/buildpacks ,22.6859
403,step-inject-buildpacks,2024-01-18T09:59:00.642020,local order_toml=/tmp_builder/order.toml ,22.6859
404,step-inject-buildpacks,2024-01-18T09:59:00.642279,local version ,22.6861
405,step-inject-buildpacks,2024-01-18T09:59:00.642978,ls /tmp_builder/buildpacks/heroku_nodejs ,22.6868
406,step-inject-buildpacks,2024-01-18T09:59:00.643826,version=2.5.0 ,22.6877
407,step-inject-buildpacks,2024-01-18T09:59:00.643961,local 'nodejs_group=[[order]]\ ,22.6878
408,step-inject-buildpacks,2024-01-18T09:59:00.643989,[[order.group]]\,22.6878
409,step-inject-buildpacks,2024-01-18T09:59:00.643993,"id = ""heroku/nodejs""\",22.6878
410,step-inject-buildpacks,2024-01-18T09:59:00.643995,"version = ""2.5.0""\",22.6878
411,step-inject-buildpacks,2024-01-18T09:59:00.643997,optional = true\,22.6879
412,step-inject-buildpacks,2024-01-18T09:59:00.644159,',22.6880
413,step-inject-buildpacks,2024-01-18T09:59:00.644765,'[[order]]\,22.6886
414,step-inject-buildpacks,2024-01-18T09:59:00.644775,[[order.group]]\,22.6886
415,step-inject-buildpacks,2024-01-18T09:59:00.644779,"id = ""heroku/nodejs""\",22.6886
416,step-inject-buildpacks,2024-01-18T09:59:00.644781,"version = ""2.5.0""\",22.6886
417,step-inject-buildpacks,2024-01-18T09:59:00.644783,optional = true\,22.6886
418,step-inject-buildpacks,2024-01-18T09:59:00.644835,',22.6887
419,step-inject-buildpacks,2024-01-18T09:59:00.645320,local toml_file=/tmp_builder/order.toml ,22.6892
420,step-inject-buildpacks,2024-01-18T09:59:00.645486,local 'group_entry=[[order]]\ ,22.6893
421,step-inject-buildpacks,2024-01-18T09:59:00.645497,[[order.group]]\,22.6894
422,step-inject-buildpacks,2024-01-18T09:59:00.645500,"id = ""heroku/nodejs""\",22.6894
423,step-inject-buildpacks,2024-01-18T09:59:00.645504,"version = ""2.5.0""\",22.6894
424,step-inject-buildpacks,2024-01-18T09:59:00.645507,optional = true\,22.6894
425,step-inject-buildpacks,2024-01-18T09:59:00.645511,',22.6894
426,step-inject-buildpacks,2024-01-18T09:59:00.645740,'s|\[\[order\]\]|[[order]]\,22.6896
427,step-inject-buildpacks,2024-01-18T09:59:00.645759,[[order.group]]\,22.6896
428,step-inject-buildpacks,2024-01-18T09:59:00.645764,"id = ""heroku/nodejs""\",22.6896
429,step-inject-buildpacks,2024-01-18T09:59:00.645766,"version = ""2.5.0""\",22.6896
430,step-inject-buildpacks,2024-01-18T09:59:00.645769,optional = true\,22.6896
431,step-inject-buildpacks,2024-01-18T09:59:00.646086,|' /tmp_builder/order.toml,22.6899
432,step-inject-buildpacks,2024-01-18T09:59:00.647533,/tmp_builder/order.toml,22.6914
433,step-inject-buildpacks,2024-01-18T09:59:00.647916,local buildpacks_dir=/tmp_builder/buildpacks ,22.6918
434,step-inject-buildpacks,2024-01-18T09:59:00.648179,local order_toml=/tmp_builder/order.toml ,22.6920
435,step-inject-buildpacks,2024-01-18T09:59:00.648779,/tmp_builder/buildpacks/fagiani_apt/0.2.5/,22.6926
436,step-inject-buildpacks,2024-01-18T09:59:00.649178,local url=https://gitlab.wikimedia.org/repos/cloud/toolforge/buildpacks/apt-buildpack/-/archive/move_to_api_0.10/apt-buildpack-move_to_api_0.10.zip ,22.6930
437,step-inject-buildpacks,2024-01-18T09:59:00.649672,local dest_dir=/tmp_builder/buildpacks/fagiani_apt/0.2.5/ ,22.6935
438,step-inject-buildpacks,2024-01-18T09:59:00.650207,local tmpdir ,22.6941
439,step-inject-buildpacks,2024-01-18T09:59:00.650900,mktemp -d ,22.6948
440,step-inject-buildpacks,2024-01-18T09:59:00.651643,tmpdir=/tmp/tmp.jpllNg ,22.6955
441,step-inject-buildpacks,2024-01-18T09:59:00.652061,cd /tmp/tmp.jpllNg ,22.6959
442,step-inject-buildpacks,2024-01-18T09:59:00.652581,wget https://gitlab.wikimedia.org/repos/cloud/toolforge/buildpacks/apt-buildpack/-/archive/move_to_api_0.10/apt-buildpack-move_to_api_0.10.zip ,22.6964
443,step-inject-buildpacks,2024-01-18T09:59:00.653847,(208.80.153.8:443),22.6977
444,step-inject-buildpacks,2024-01-18T09:59:01.358393,to 'apt-buildpack-move_to_api_0.10.zip' ,23.4022
445,step-inject-buildpacks,2024-01-18T09:59:01.358415,11305  0:00:00 ETA,23.4023
446,step-inject-buildpacks,2024-01-18T09:59:01.358419,saved ,23.4023
447,step-inject-buildpacks,2024-01-18T09:59:01.358873,apt-buildpack-move_to_api_0.10.zip,23.4027
448,step-inject-buildpacks,2024-01-18T09:59:01.359826, apt-buildpack-move_to_api_0.10.zip ,23.4037
449,step-inject-buildpacks,2024-01-18T09:59:01.360946,creating: apt-buildpack-move_to_api_0.10/,23.4048
450,step-inject-buildpacks,2024-01-18T09:59:01.360978,creating: apt-buildpack-move_to_api_0.10/.github/,23.4048
451,step-inject-buildpacks,2024-01-18T09:59:01.361116,creating: apt-buildpack-move_to_api_0.10/.github/workflows/,23.4050
452,step-inject-buildpacks,2024-01-18T09:59:01.361123,apt-buildpack-move_to_api_0.10/.github/workflows/release.yml,23.4050
453,step-inject-buildpacks,2024-01-18T09:59:01.361126,apt-buildpack-move_to_api_0.10/LICENSE,23.4050
454,step-inject-buildpacks,2024-01-18T09:59:01.361129,apt-buildpack-move_to_api_0.10/README.md,23.4050
455,step-inject-buildpacks,2024-01-18T09:59:01.361131,creating: apt-buildpack-move_to_api_0.10/bin/,23.4050
456,step-inject-buildpacks,2024-01-18T09:59:01.361133,apt-buildpack-move_to_api_0.10/bin/build,23.4050
457,step-inject-buildpacks,2024-01-18T09:59:01.361144,apt-buildpack-move_to_api_0.10/bin/detect,23.4050
458,step-inject-buildpacks,2024-01-18T09:59:01.361146,apt-buildpack-move_to_api_0.10/bin/runimage_installed.list,23.4050
459,step-inject-buildpacks,2024-01-18T09:59:01.361148,apt-buildpack-move_to_api_0.10/buildpack.toml,23.4050
460,step-inject-buildpacks,2024-01-18T09:59:01.361151,apt-buildpack-move_to_api_0.10/package.toml,23.4050
461,step-inject-buildpacks,2024-01-18T09:59:01.361358,/tmp_builder/buildpacks/fagiani_apt/0.2.5//,23.4052
462,step-inject-buildpacks,2024-01-18T09:59:01.362385,-- apt-buildpack-move_to_api_0.10/LICENSE apt-buildpack-move_to_api_0.10/README.md apt-buildpack-move_to_api_0.10/bin apt-buildpack-move_to_api_0.10/buildpack.toml apt-buildpack-move_to_api_0.10/package.toml /tmp_builder/buildpacks/fagiani_apt/0.2.5//,23.4062
463,step-inject-buildpacks,2024-01-18T09:59:01.363441,cd - ,23.4073
464,step-inject-buildpacks,2024-01-18T09:59:01.363461,,23.4073
465,step-inject-buildpacks,2024-01-18T09:59:01.363495,/tmp/tmp.jpllNg,23.4073
466,step-inject-buildpacks,2024-01-18T09:59:01.365120,local 'aptfile_group=[[order]]\ ,23.4090
467,step-inject-buildpacks,2024-01-18T09:59:01.365133,[[order.group]]\,23.4090
468,step-inject-buildpacks,2024-01-18T09:59:01.365136,"id = ""fagiani/apt""\",23.4090
469,step-inject-buildpacks,2024-01-18T09:59:01.365139,"version = ""0.2.5""\",23.4090
470,step-inject-buildpacks,2024-01-18T09:59:01.365141,optional = true\,23.4090
471,step-inject-buildpacks,2024-01-18T09:59:01.365143,',23.4090
472,step-inject-buildpacks,2024-01-18T09:59:01.365145,'[[order]]\,23.4090
473,step-inject-buildpacks,2024-01-18T09:59:01.365148,[[order.group]]\,23.4090
474,step-inject-buildpacks,2024-01-18T09:59:01.365150,"id = ""fagiani/apt""\",23.4090
475,step-inject-buildpacks,2024-01-18T09:59:01.365152,"version = ""0.2.5""\",23.4090
476,step-inject-buildpacks,2024-01-18T09:59:01.365155,optional = true\,23.4090
477,step-inject-buildpacks,2024-01-18T09:59:01.365157,',23.4090
478,step-inject-buildpacks,2024-01-18T09:59:01.365159,local toml_file=/tmp_builder/order.toml ,23.4090
479,step-inject-buildpacks,2024-01-18T09:59:01.365176,local 'group_entry=[[order]]\ ,23.4090
480,step-inject-buildpacks,2024-01-18T09:59:01.365193,[[order.group]]\,23.4090
481,step-inject-buildpacks,2024-01-18T09:59:01.365197,"id = ""fagiani/apt""\",23.4091
482,step-inject-buildpacks,2024-01-18T09:59:01.365199,"version = ""0.2.5""\",23.4091
483,step-inject-buildpacks,2024-01-18T09:59:01.365201,optional = true\,23.4091
484,step-inject-buildpacks,2024-01-18T09:59:01.365203,',23.4091
485,step-inject-buildpacks,2024-01-18T09:59:01.365205,'s|\[\[order\]\]|[[order]]\,23.4091
486,step-inject-buildpacks,2024-01-18T09:59:01.365208,[[order.group]]\,23.4091
487,step-inject-buildpacks,2024-01-18T09:59:01.365210,"id = ""fagiani/apt""\",23.4091
488,step-inject-buildpacks,2024-01-18T09:59:01.365212,"version = ""0.2.5""\",23.4091
489,step-inject-buildpacks,2024-01-18T09:59:01.365214,optional = true\,23.4091
490,step-inject-buildpacks,2024-01-18T09:59:01.365216,|' /tmp_builder/order.toml,23.4091
491,step-inject-buildpacks,2024-01-18T09:59:01.367368,Final order.toml',23.4112
492,step-inject-buildpacks,2024-01-18T09:59:01.367380,cat /tmp_builder/order.toml ,23.4112
493,step-inject-buildpacks,2024-01-18T09:59:01.367385,Final order.toml ,23.4112
494,step-inject-buildpacks,2024-01-18T09:59:01.368073,,23.4119
495,step-inject-buildpacks,2024-01-18T09:59:01.368084,[[order.group]],23.4119
496,step-inject-buildpacks,2024-01-18T09:59:01.368087,"id = ""fagiani/apt""",23.4119
497,step-inject-buildpacks,2024-01-18T09:59:01.368090,"version = ""0.2.5""",23.4119
498,step-inject-buildpacks,2024-01-18T09:59:01.368092,optional = true,23.4119
499,step-inject-buildpacks,2024-01-18T09:59:01.368094,,23.4119
500,step-inject-buildpacks,2024-01-18T09:59:01.368096,[[order.group]],23.4120
501,step-inject-buildpacks,2024-01-18T09:59:01.368099,"id = ""heroku/nodejs""",23.4120
502,step-inject-buildpacks,2024-01-18T09:59:01.368101,"version = ""2.5.0""",23.4120
503,step-inject-buildpacks,2024-01-18T09:59:01.368103,optional = true,23.4120
504,step-inject-buildpacks,2024-01-18T09:59:01.368105,,23.4120
505,step-inject-buildpacks,2024-01-18T09:59:01.368107,[[order.group]],23.4120
506,step-inject-buildpacks,2024-01-18T09:59:01.368110,"id = ""heroku-community/locale""",23.4120
507,step-inject-buildpacks,2024-01-18T09:59:01.368112,"version = ""0.1""",23.4120
508,step-inject-buildpacks,2024-01-18T09:59:01.368114,optional = true,23.4120
509,step-inject-buildpacks,2024-01-18T09:59:01.368116,,23.4120
510,step-inject-buildpacks,2024-01-18T09:59:01.368118,[[order.group]],23.4120
511,step-inject-buildpacks,2024-01-18T09:59:01.368121,"id = ""heroku/clojure""",23.4120
512,step-inject-buildpacks,2024-01-18T09:59:01.368123,"version = ""0.1""",23.4120
513,step-inject-buildpacks,2024-01-18T09:59:01.368125,"api = ""0.10""",23.4120
514,step-inject-buildpacks,2024-01-18T09:59:01.368127,optional = false,23.4120
515,step-inject-buildpacks,2024-01-18T09:59:01.368129,[[order.group]],23.4120
516,step-inject-buildpacks,2024-01-18T09:59:01.368137,"id = ""heroku/procfile""",23.4120
517,step-inject-buildpacks,2024-01-18T09:59:01.368139,"version = ""2.0.2""",23.4120
518,step-inject-buildpacks,2024-01-18T09:59:01.368141,optional = true,23.4120
519,step-inject-buildpacks,2024-01-18T09:59:01.368143,,23.4120
520,step-inject-buildpacks,2024-01-18T09:59:01.368146,[[order.group]],23.4120
521,step-inject-buildpacks,2024-01-18T09:59:01.368148,"id = ""fagiani/apt""",23.4120
522,step-inject-buildpacks,2024-01-18T09:59:01.368150,"version = ""0.2.5""",23.4120
523,step-inject-buildpacks,2024-01-18T09:59:01.368152,optional = true,23.4120
524,step-inject-buildpacks,2024-01-18T09:59:01.368154,,23.4120
525,step-inject-buildpacks,2024-01-18T09:59:01.368156,[[order.group]],23.4120
526,step-inject-buildpacks,2024-01-18T09:59:01.368158,"id = ""heroku/nodejs""",23.4120
527,step-inject-buildpacks,2024-01-18T09:59:01.368161,"version = ""2.5.0""",23.4120
528,step-inject-buildpacks,2024-01-18T09:59:01.368163,optional = true,23.4120
529,step-inject-buildpacks,2024-01-18T09:59:01.368165,,23.4120
530,step-inject-buildpacks,2024-01-18T09:59:01.368167,[[order.group]],23.4120
531,step-inject-buildpacks,2024-01-18T09:59:01.368169,"id = ""heroku-community/locale""",23.4120
532,step-inject-buildpacks,2024-01-18T09:59:01.368171,"version = ""0.1""",23.4120
533,step-inject-buildpacks,2024-01-18T09:59:01.368173,optional = true,23.4120
534,step-inject-buildpacks,2024-01-18T09:59:01.368176,,23.4120
535,step-inject-buildpacks,2024-01-18T09:59:01.368178,[[order.group]],23.4120
536,step-inject-buildpacks,2024-01-18T09:59:01.368180,"id = ""emk/rust""",23.4120
537,step-inject-buildpacks,2024-01-18T09:59:01.368182,"version = ""0.1""",23.4120
538,step-inject-buildpacks,2024-01-18T09:59:01.368184,"api = ""0.10""",23.4120
539,step-inject-buildpacks,2024-01-18T09:59:01.368186,optional = false,23.4120
540,step-inject-buildpacks,2024-01-18T09:59:01.368188,[[order.group]],23.4120
541,step-inject-buildpacks,2024-01-18T09:59:01.368190,"id = ""heroku/procfile""",23.4120
542,step-inject-buildpacks,2024-01-18T09:59:01.368193,"version = ""2.0.2""",23.4120
543,step-inject-buildpacks,2024-01-18T09:59:01.368195,optional = true,23.4120
544,step-inject-buildpacks,2024-01-18T09:59:01.368197,,23.4121
545,step-inject-buildpacks,2024-01-18T09:59:01.368199,[[order.group]],23.4121
546,step-inject-buildpacks,2024-01-18T09:59:01.368201,"id = ""fagiani/apt""",23.4121
547,step-inject-buildpacks,2024-01-18T09:59:01.368203,"version = ""0.2.5""",23.4121
548,step-inject-buildpacks,2024-01-18T09:59:01.368206,optional = true,23.4121
549,step-inject-buildpacks,2024-01-18T09:59:01.368208,,23.4121
550,step-inject-buildpacks,2024-01-18T09:59:01.368210,[[order.group]],23.4121
551,step-inject-buildpacks,2024-01-18T09:59:01.368212,"id = ""heroku/nodejs""",23.4121
552,step-inject-buildpacks,2024-01-18T09:59:01.368214,"version = ""2.5.0""",23.4121
553,step-inject-buildpacks,2024-01-18T09:59:01.368216,optional = true,23.4121
554,step-inject-buildpacks,2024-01-18T09:59:01.368218,,23.4121
555,step-inject-buildpacks,2024-01-18T09:59:01.368221,[[order.group]],23.4121
556,step-inject-buildpacks,2024-01-18T09:59:01.368223,"id = ""heroku-community/locale""",23.4121
557,step-inject-buildpacks,2024-01-18T09:59:01.368225,"version = ""0.1""",23.4121
558,step-inject-buildpacks,2024-01-18T09:59:01.368227,optional = true,23.4121
559,step-inject-buildpacks,2024-01-18T09:59:01.368229,,23.4121
560,step-inject-buildpacks,2024-01-18T09:59:01.368231,[[order.group]],23.4121
561,step-inject-buildpacks,2024-01-18T09:59:01.368233,"id = ""jincod/dotnetcore-buildpack""",23.4121
562,step-inject-buildpacks,2024-01-18T09:59:01.368236,"version = ""7.0.401""",23.4121
563,step-inject-buildpacks,2024-01-18T09:59:01.368238,"api = ""0.10""",23.4121
564,step-inject-buildpacks,2024-01-18T09:59:01.368241,optional = false,23.4121
565,step-inject-buildpacks,2024-01-18T09:59:01.368243,[[order.group]],23.4121
566,step-inject-buildpacks,2024-01-18T09:59:01.368245,"id = ""heroku/procfile""",23.4121
567,step-inject-buildpacks,2024-01-18T09:59:01.368255,"version = ""2.0.2""",23.4121
568,step-inject-buildpacks,2024-01-18T09:59:01.368258,optional = true,23.4121
569,step-inject-buildpacks,2024-01-18T09:59:01.368260,,23.4121
570,step-inject-buildpacks,2024-01-18T09:59:01.368262,[[order.group]],23.4121
571,step-inject-buildpacks,2024-01-18T09:59:01.368264,"id = ""fagiani/apt""",23.4121
572,step-inject-buildpacks,2024-01-18T09:59:01.368266,"version = ""0.2.5""",23.4121
573,step-inject-buildpacks,2024-01-18T09:59:01.368269,optional = true,23.4121
574,step-inject-buildpacks,2024-01-18T09:59:01.368271,,23.4121
575,step-inject-buildpacks,2024-01-18T09:59:01.368273,[[order.group]],23.4121
576,step-inject-buildpacks,2024-01-18T09:59:01.368275,"id = ""heroku/nodejs""",23.4121
577,step-inject-buildpacks,2024-01-18T09:59:01.368277,"version = ""2.5.0""",23.4121
578,step-inject-buildpacks,2024-01-18T09:59:01.368279,optional = true,23.4121
579,step-inject-buildpacks,2024-01-18T09:59:01.368281,,23.4121
580,step-inject-buildpacks,2024-01-18T09:59:01.368283,[[order.group]],23.4121
581,step-inject-buildpacks,2024-01-18T09:59:01.368286,"id = ""heroku-community/locale""",23.4121
582,step-inject-buildpacks,2024-01-18T09:59:01.368288,"version = ""0.1""",23.4121
583,step-inject-buildpacks,2024-01-18T09:59:01.368290,optional = true,23.4121
584,step-inject-buildpacks,2024-01-18T09:59:01.368292,,23.4121
585,step-inject-buildpacks,2024-01-18T09:59:01.368294,,23.4121
586,step-inject-buildpacks,2024-01-18T09:59:01.368299,= 'heroku/python' ,23.4122
587,step-inject-buildpacks,2024-01-18T09:59:01.368302,= '0.8.0' ,23.4122
588,step-inject-buildpacks,2024-01-18T09:59:01.368304,,23.4122
589,step-inject-buildpacks,2024-01-18T09:59:01.368306,,23.4122
590,step-inject-buildpacks,2024-01-18T09:59:01.368308,= 'heroku/procfile' ,23.4122
591,step-inject-buildpacks,2024-01-18T09:59:01.368310,= true ,23.4122
592,step-inject-buildpacks,2024-01-18T09:59:01.368312,= '2.0.2' ,23.4122
593,step-inject-buildpacks,2024-01-18T09:59:01.368314,,23.4122
594,step-inject-buildpacks,2024-01-18T09:59:01.368317,,23.4122
595,step-inject-buildpacks,2024-01-18T09:59:01.368319,[[order.group]],23.4122
596,step-inject-buildpacks,2024-01-18T09:59:01.368321,"id = ""fagiani/apt""",23.4122
597,step-inject-buildpacks,2024-01-18T09:59:01.368323,"version = ""0.2.5""",23.4122
598,step-inject-buildpacks,2024-01-18T09:59:01.368325,optional = true,23.4122
599,step-inject-buildpacks,2024-01-18T09:59:01.368327,,23.4122
600,step-inject-buildpacks,2024-01-18T09:59:01.368329,[[order.group]],23.4122
601,step-inject-buildpacks,2024-01-18T09:59:01.368331,"id = ""heroku/nodejs""",23.4122
602,step-inject-buildpacks,2024-01-18T09:59:01.368334,"version = ""2.5.0""",23.4122
603,step-inject-buildpacks,2024-01-18T09:59:01.368336,optional = true,23.4122
604,step-inject-buildpacks,2024-01-18T09:59:01.368338,,23.4122
605,step-inject-buildpacks,2024-01-18T09:59:01.368340,[[order.group]],23.4122
606,step-inject-buildpacks,2024-01-18T09:59:01.368342,"id = ""heroku-community/locale""",23.4122
607,step-inject-buildpacks,2024-01-18T09:59:01.368344,"version = ""0.1""",23.4122
608,step-inject-buildpacks,2024-01-18T09:59:01.368346,optional = true,23.4122
609,step-inject-buildpacks,2024-01-18T09:59:01.368349,,23.4122
610,step-inject-buildpacks,2024-01-18T09:59:01.368351,,23.4122
611,step-inject-buildpacks,2024-01-18T09:59:01.368353,= 'heroku/nodejs-engine' ,23.4122
612,step-inject-buildpacks,2024-01-18T09:59:01.368355,= true ,23.4122
613,step-inject-buildpacks,2024-01-18T09:59:01.368357,= '2.5.0' ,23.4122
614,step-inject-buildpacks,2024-01-18T09:59:01.368359,,23.4122
615,step-inject-buildpacks,2024-01-18T09:59:01.368361,,23.4122
616,step-inject-buildpacks,2024-01-18T09:59:01.368367,= 'heroku/nodejs-yarn' ,23.4122
617,step-inject-buildpacks,2024-01-18T09:59:01.368370,= true ,23.4122
618,step-inject-buildpacks,2024-01-18T09:59:01.368372,= '2.5.0' ,23.4122
619,step-inject-buildpacks,2024-01-18T09:59:01.368374,,23.4122
620,step-inject-buildpacks,2024-01-18T09:59:01.368376,,23.4122
621,step-inject-buildpacks,2024-01-18T09:59:01.368378,= 'heroku/jvm' ,23.4122
622,step-inject-buildpacks,2024-01-18T09:59:01.368380,= true ,23.4122
623,step-inject-buildpacks,2024-01-18T09:59:01.368382,= '4.0.2' ,23.4122
624,step-inject-buildpacks,2024-01-18T09:59:01.368384,,23.4122
625,step-inject-buildpacks,2024-01-18T09:59:01.368387,,23.4122
626,step-inject-buildpacks,2024-01-18T09:59:01.368389,= 'heroku/ruby' ,23.4122
627,step-inject-buildpacks,2024-01-18T09:59:01.368391,= '2.1.2' ,23.4122
628,step-inject-buildpacks,2024-01-18T09:59:01.368393,,23.4122
629,step-inject-buildpacks,2024-01-18T09:59:01.368395,,23.4122
630,step-inject-buildpacks,2024-01-18T09:59:01.368397,= 'heroku/procfile' ,23.4123
631,step-inject-buildpacks,2024-01-18T09:59:01.368400,= true ,23.4123
632,step-inject-buildpacks,2024-01-18T09:59:01.368402,= '2.0.2' ,23.4123
633,step-inject-buildpacks,2024-01-18T09:59:01.368404,,23.4123
634,step-inject-buildpacks,2024-01-18T09:59:01.368406,,23.4123
635,step-inject-buildpacks,2024-01-18T09:59:01.368408,[[order.group]],23.4123
636,step-inject-buildpacks,2024-01-18T09:59:01.368410,"id = ""fagiani/apt""",23.4123
637,step-inject-buildpacks,2024-01-18T09:59:01.368412,"version = ""0.2.5""",23.4123
638,step-inject-buildpacks,2024-01-18T09:59:01.368415,optional = true,23.4123
639,step-inject-buildpacks,2024-01-18T09:59:01.368417,,23.4123
640,step-inject-buildpacks,2024-01-18T09:59:01.368419,[[order.group]],23.4123
641,step-inject-buildpacks,2024-01-18T09:59:01.368421,"id = ""heroku/nodejs""",23.4123
642,step-inject-buildpacks,2024-01-18T09:59:01.368423,"version = ""2.5.0""",23.4123
643,step-inject-buildpacks,2024-01-18T09:59:01.368425,optional = true,23.4123
644,step-inject-buildpacks,2024-01-18T09:59:01.368427,,23.4123
645,step-inject-buildpacks,2024-01-18T09:59:01.368430,[[order.group]],23.4123
646,step-inject-buildpacks,2024-01-18T09:59:01.368432,"id = ""heroku-community/locale""",23.4123
647,step-inject-buildpacks,2024-01-18T09:59:01.368434,"version = ""0.1""",23.4123
648,step-inject-buildpacks,2024-01-18T09:59:01.368436,optional = true,23.4123
649,step-inject-buildpacks,2024-01-18T09:59:01.368438,,23.4123
650,step-inject-buildpacks,2024-01-18T09:59:01.368440,,23.4123
651,step-inject-buildpacks,2024-01-18T09:59:01.368443,= 'heroku/java' ,23.4123
652,step-inject-buildpacks,2024-01-18T09:59:01.368445,= '4.0.2' ,23.4123
653,step-inject-buildpacks,2024-01-18T09:59:01.368447,,23.4123
654,step-inject-buildpacks,2024-01-18T09:59:01.368449,,23.4123
655,step-inject-buildpacks,2024-01-18T09:59:01.368451,= 'heroku/procfile' ,23.4123
656,step-inject-buildpacks,2024-01-18T09:59:01.368453,= true ,23.4123
657,step-inject-buildpacks,2024-01-18T09:59:01.368455,= '2.0.2' ,23.4123
658,step-inject-buildpacks,2024-01-18T09:59:01.368460,,23.4123
659,step-inject-buildpacks,2024-01-18T09:59:01.368463,,23.4123
660,step-inject-buildpacks,2024-01-18T09:59:01.368465,[[order.group]],23.4123
661,step-inject-buildpacks,2024-01-18T09:59:01.368467,"id = ""fagiani/apt""",23.4123
662,step-inject-buildpacks,2024-01-18T09:59:01.368469,"version = ""0.2.5""",23.4123
663,step-inject-buildpacks,2024-01-18T09:59:01.368471,optional = true,23.4123
664,step-inject-buildpacks,2024-01-18T09:59:01.368473,,23.4123
665,step-inject-buildpacks,2024-01-18T09:59:01.368475,[[order.group]],23.4123
666,step-inject-buildpacks,2024-01-18T09:59:01.368478,"id = ""heroku/nodejs""",23.4123
667,step-inject-buildpacks,2024-01-18T09:59:01.368480,"version = ""2.5.0""",23.4123
668,step-inject-buildpacks,2024-01-18T09:59:01.368482,optional = true,23.4123
669,step-inject-buildpacks,2024-01-18T09:59:01.368484,,23.4123
670,step-inject-buildpacks,2024-01-18T09:59:01.368486,[[order.group]],23.4123
671,step-inject-buildpacks,2024-01-18T09:59:01.368488,"id = ""heroku-community/locale""",23.4123
672,step-inject-buildpacks,2024-01-18T09:59:01.368490,"version = ""0.1""",23.4123
673,step-inject-buildpacks,2024-01-18T09:59:01.368493,optional = true,23.4123
674,step-inject-buildpacks,2024-01-18T09:59:01.368495,,23.4123
675,step-inject-buildpacks,2024-01-18T09:59:01.368497,,23.4124
676,step-inject-buildpacks,2024-01-18T09:59:01.368499,= 'heroku/scala' ,23.4124
677,step-inject-buildpacks,2024-01-18T09:59:01.368501,= '4.0.2' ,23.4124
678,step-inject-buildpacks,2024-01-18T09:59:01.368503,,23.4124
679,step-inject-buildpacks,2024-01-18T09:59:01.368505,,23.4124
680,step-inject-buildpacks,2024-01-18T09:59:01.368507,= 'heroku/procfile' ,23.4124
681,step-inject-buildpacks,2024-01-18T09:59:01.368509,= true ,23.4124
682,step-inject-buildpacks,2024-01-18T09:59:01.368512,= '2.0.2' ,23.4124
683,step-inject-buildpacks,2024-01-18T09:59:01.368514,,23.4124
684,step-inject-buildpacks,2024-01-18T09:59:01.368516,,23.4124
685,step-inject-buildpacks,2024-01-18T09:59:01.368518,[[order.group]],23.4124
686,step-inject-buildpacks,2024-01-18T09:59:01.368520,"id = ""fagiani/apt""",23.4124
687,step-inject-buildpacks,2024-01-18T09:59:01.368522,"version = ""0.2.5""",23.4124
688,step-inject-buildpacks,2024-01-18T09:59:01.368524,optional = true,23.4124
689,step-inject-buildpacks,2024-01-18T09:59:01.368526,,23.4124
690,step-inject-buildpacks,2024-01-18T09:59:01.368529,[[order.group]],23.4124
691,step-inject-buildpacks,2024-01-18T09:59:01.368531,"id = ""heroku/nodejs""",23.4124
692,step-inject-buildpacks,2024-01-18T09:59:01.368533,"version = ""2.5.0""",23.4124
693,step-inject-buildpacks,2024-01-18T09:59:01.368535,optional = true,23.4124
694,step-inject-buildpacks,2024-01-18T09:59:01.368537,,23.4124
695,step-inject-buildpacks,2024-01-18T09:59:01.368539,[[order.group]],23.4124
696,step-inject-buildpacks,2024-01-18T09:59:01.368541,"id = ""heroku-community/locale""",23.4124
697,step-inject-buildpacks,2024-01-18T09:59:01.368543,"version = ""0.1""",23.4124
698,step-inject-buildpacks,2024-01-18T09:59:01.368546,optional = true,23.4124
699,step-inject-buildpacks,2024-01-18T09:59:01.368548,,23.4124
700,step-inject-buildpacks,2024-01-18T09:59:01.368550,,23.4124
701,step-inject-buildpacks,2024-01-18T09:59:01.368552,= 'heroku/go' ,23.4124
702,step-inject-buildpacks,2024-01-18T09:59:01.368554,= '0.1.12' ,23.4124
703,step-inject-buildpacks,2024-01-18T09:59:01.368556,,23.4124
704,step-inject-buildpacks,2024-01-18T09:59:01.368558,,23.4124
705,step-inject-buildpacks,2024-01-18T09:59:01.368561,= 'heroku/procfile' ,23.4124
706,step-inject-buildpacks,2024-01-18T09:59:01.368563,= true ,23.4124
707,step-inject-buildpacks,2024-01-18T09:59:01.368565,= '2.0.2' ,23.4124
708,step-inject-buildpacks,2024-01-18T09:59:01.368567,,23.4124
709,step-inject-buildpacks,2024-01-18T09:59:01.368569,,23.4124
710,step-inject-buildpacks,2024-01-18T09:59:01.368571,[[order.group]],23.4124
711,step-inject-buildpacks,2024-01-18T09:59:01.368573,"id = ""fagiani/apt""",23.4124
712,step-inject-buildpacks,2024-01-18T09:59:01.368575,"version = ""0.2.5""",23.4124
713,step-inject-buildpacks,2024-01-18T09:59:01.368577,optional = true,23.4124
714,step-inject-buildpacks,2024-01-18T09:59:01.368580,,23.4124
715,step-inject-buildpacks,2024-01-18T09:59:01.368582,[[order.group]],23.4124
716,step-inject-buildpacks,2024-01-18T09:59:01.368584,"id = ""heroku/nodejs""",23.4124
717,step-inject-buildpacks,2024-01-18T09:59:01.368586,"version = ""2.5.0""",23.4124
718,step-inject-buildpacks,2024-01-18T09:59:01.368588,optional = true,23.4124
719,step-inject-buildpacks,2024-01-18T09:59:01.368590,,23.4124
720,step-inject-buildpacks,2024-01-18T09:59:01.368592,[[order.group]],23.4124
721,step-inject-buildpacks,2024-01-18T09:59:01.368594,"id = ""heroku-community/locale""",23.4124
722,step-inject-buildpacks,2024-01-18T09:59:01.368597,"version = ""0.1""",23.4125
723,step-inject-buildpacks,2024-01-18T09:59:01.368599,optional = true,23.4125
724,step-inject-buildpacks,2024-01-18T09:59:01.368601,,23.4125
725,step-inject-buildpacks,2024-01-18T09:59:01.368605,,23.4125
726,step-inject-buildpacks,2024-01-18T09:59:01.368607,= 'heroku/php' ,23.4125
727,step-inject-buildpacks,2024-01-18T09:59:01.368609,= '0.1.2' ,23.4125
728,step-inject-buildpacks,2024-01-18T09:59:01.368611,,23.4125
729,step-inject-buildpacks,2024-01-18T09:59:01.368614,,23.4125
730,step-inject-buildpacks,2024-01-18T09:59:01.368616,= 'heroku/procfile' ,23.4125
731,step-inject-buildpacks,2024-01-18T09:59:01.368620,= true ,23.4125
732,step-inject-buildpacks,2024-01-18T09:59:01.368623,= '2.0.2' ,23.4125
733,step-inject-buildpacks,2024-01-18T09:59:01.368625,,23.4125
734,step-inject-buildpacks,2024-01-18T09:59:01.368627,[[order.group]],23.4125
735,step-inject-buildpacks,2024-01-18T09:59:01.368629,"id = ""fagiani/apt""",23.4125
736,step-inject-buildpacks,2024-01-18T09:59:01.368631,"version = ""0.2.5""",23.4125
737,step-inject-buildpacks,2024-01-18T09:59:01.368633,optional = true,23.4125
738,step-inject-buildpacks,2024-01-18T09:59:01.368636,,23.4125
739,step-inject-buildpacks,2024-01-18T09:59:01.368638,[[order.group]],23.4125
740,step-inject-buildpacks,2024-01-18T09:59:01.368640,"id = ""heroku/nodejs""",23.4125
741,step-inject-buildpacks,2024-01-18T09:59:01.368642,"version = ""2.5.0""",23.4125
742,step-inject-buildpacks,2024-01-18T09:59:01.368644,optional = true,23.4125
743,step-inject-buildpacks,2024-01-18T09:59:01.368646,,23.4125
744,step-inject-buildpacks,2024-01-18T09:59:01.368649,[[order.group]],23.4125
745,step-inject-buildpacks,2024-01-18T09:59:01.368651,"id = ""heroku-community/locale""",23.4125
746,step-inject-buildpacks,2024-01-18T09:59:01.368653,"version = ""0.1""",23.4125
747,step-inject-buildpacks,2024-01-18T09:59:01.368655,optional = true,23.4125
748,step-inject-buildpacks,2024-01-18T09:59:01.368657,,23.4125
749,step-inject-buildpacks,2024-01-18T09:59:01.368659,[[order.group]],23.4125
750,step-inject-buildpacks,2024-01-18T09:59:01.368661,"id = ""heroku/nodejs""",23.4125
751,step-inject-buildpacks,2024-01-18T09:59:01.368664,"version = ""2.5.0""",23.4125
752,step-inject-buildpacks,2024-01-18T09:59:01.368666,optional = false,23.4125
753,step-inject-buildpacks,2024-01-18T09:59:01.368668,[[order.group]],23.4125
754,step-inject-buildpacks,2024-01-18T09:59:01.368670,"id = ""heroku/procfile""",23.4125
755,step-inject-buildpacks,2024-01-18T09:59:01.368672,"version = ""2.0.2""",23.4125
756,step-inject-buildpacks,2024-01-18T09:59:01.368674,optional = true,23.4125
757,step-detect,2024-01-18T09:59:02.623064,metadata found at path '/layers/analyzed.toml',24.6669
758,step-detect,2024-01-18T09:59:02.669565,buildpacks participating,24.7134
759,step-detect,2024-01-18T09:59:02.669588,0.8.0,24.7134
760,step-detect,2024-01-18T09:59:02.669592,2.0.2 ,24.7134
761,step-analyze,2024-01-18T09:59:05.951758,SBOM from previous image,27.9956
762,step-build,2024-01-18T09:59:08.350475,,30.3943
763,step-build,2024-01-18T09:59:08.350521,Python version] ,30.3944
764,step-build,2024-01-18T09:59:08.350540,"specified, using the current default of Python 3.12.1.",30.3944
765,step-build,2024-01-18T09:59:08.350543,"different version, see: https://devcenter.heroku.com/articles/python-runtimes",30.3944
766,step-build,2024-01-18T09:59:08.350546,,30.3944
767,step-build,2024-01-18T09:59:08.350549,packaging tools],30.3944
768,step-build,2024-01-18T09:59:08.350619,Python 3.12.1 ,30.3945
769,step-build,2024-01-18T09:59:10.802102,setuptools 68.0.0 and wheel 0.42.0,32.8460
770,step-build,2024-01-18T09:59:14.224812,,36.2687
771,step-build,2024-01-18T09:59:14.224832,Pip],36.2687
772,step-build,2024-01-18T09:59:14.226144,pip install ,36.2700
773,step-build,2024-01-18T09:59:14.633777,-r requirements.txt (line 1)),36.6776
774,step-build,2024-01-18T09:59:14.693839,flask-3.0.0-py3-none-any.whl.metadata (3.6 kB),36.7377
775,step-build,2024-01-18T09:59:14.745586,-r requirements.txt (line 2)),36.7894
776,step-build,2024-01-18T09:59:14.748823,werkzeug-3.0.1-py3-none-any.whl.metadata (4.1 kB),36.7927
777,step-build,2024-01-18T09:59:14.785922,-r requirements.txt (line 3)),36.8298
778,step-build,2024-01-18T09:59:14.790316,uwsgi-2.0.23.tar.gz (810 kB),36.8342
779,step-build,2024-01-18T09:59:14.965890,metadata (setup.py): started,37.0097
780,step-build,2024-01-18T09:59:15.117082,metadata (setup.py): finished with status 'done',37.1609
781,step-build,2024-01-18T09:59:15.193308,flask->-r requirements.txt (line 1)),37.2372
782,step-build,2024-01-18T09:59:15.198140,Jinja2-3.1.3-py3-none-any.whl.metadata (3.3 kB),37.2420
783,step-build,2024-01-18T09:59:15.227032,flask->-r requirements.txt (line 1)),37.2709
784,step-build,2024-01-18T09:59:15.231161,itsdangerous-2.1.2-py3-none-any.whl (15 kB),37.2750
785,step-build,2024-01-18T09:59:15.268366,flask->-r requirements.txt (line 1)),37.3122
786,step-build,2024-01-18T09:59:15.271958,click-8.1.7-py3-none-any.whl.metadata (3.0 kB),37.3158
787,step-build,2024-01-18T09:59:15.321921,flask->-r requirements.txt (line 1)),37.3658
788,step-build,2024-01-18T09:59:15.326488,blinker-1.7.0-py3-none-any.whl.metadata (1.9 kB),37.3703
789,step-build,2024-01-18T09:59:15.399298,werkzeug->-r requirements.txt (line 2)),37.4432
790,step-build,2024-01-18T09:59:15.402683,MarkupSafe-2.1.3-cp312-cp312-manylinux_2_17_x86_64.manylinux2014_x86_64.whl.metadata (2.9 kB),37.4465
791,step-build,2024-01-18T09:59:15.423536,kB),37.4674
792,step-build,2024-01-18T09:59:15.445421,kB),37.4893
793,step-build,2024-01-18T09:59:15.470449,kB),37.5143
794,step-build,2024-01-18T09:59:15.487673,kB),37.5315
795,step-build,2024-01-18T09:59:15.502681,kB),37.5465
796,step-build,2024-01-18T09:59:15.517110,kB),37.5610
797,step-build,2024-01-18T09:59:15.535675,collected packages: uwsgi,37.5795
798,step-build,2024-01-18T09:59:15.536952,wheel for uwsgi (setup.py): started,37.5808
799,step-build,2024-01-18T09:59:23.751448,wheel for uwsgi (setup.py): finished with status 'done',45.7953
800,step-build,2024-01-18T09:59:23.755240,wheel for uwsgi: filename=uWSGI-2.0.23-cp312-cp312-linux_x86_64.whl size=600386 sha256=ed604283fc12729b9f3014335f66077b09500e52118a7a6a401d6bdb1c067818,45.7991
801,step-build,2024-01-18T09:59:23.755702,in directory: /layers/heroku_python/pip-cache/wheels/1b/ec/ca/e5d59412ae7776eb3d5ab026e9883e7bf8e2684f3f1bf8a09d,45.7996
802,step-build,2024-01-18T09:59:23.757724,built uwsgi ,45.8016
803,step-build,2024-01-18T09:59:23.801654,"uwsgi, MarkupSafe, itsdangerous, click, blinker, werkzeug, Jinja2, flask",45.8455
804,step-build,2024-01-18T09:59:24.192521,MarkupSafe-2.1.3 blinker-1.7.0 click-8.1.7 flask-3.0.0 itsdangerous-2.1.2 uwsgi-2.0.23 werkzeug-3.0.1,46.2364
805,step-build,2024-01-18T09:59:24.274667,,46.3185
806,step-build,2024-01-18T09:59:24.274780,process types] ,46.3186
807,step-build,2024-01-18T09:59:24.276242,-> web,46.3201
808,step-fix-permissions,2024-01-18T09:59:24.444701,on '/layers'...,46.4886
809,step-fix-permissions,2024-01-18T09:59:24.706997,on '/workspace'...,46.7509
810,step-export,2024-01-18T09:59:25.384489,image '172.19.0.1/tool-tf-test/tool-tf-test@sha256:1767bd9da090b1a89136622efe33edd4610cb8ab0d06602d81fbf3e0cb9ab0c0',47.4283
811,step-export,2024-01-18T09:59:27.267905,layer 'heroku/python:dependencies' ,49.3118
812,step-export,2024-01-18T09:59:27.612791,layer 'heroku/python:python' ,49.6566
813,step-export,2024-01-18T09:59:27.615117,layer 'buildpacksio/lifecycle:launch.sbom' ,49.6590
814,step-export,2024-01-18T09:59:27.622631,layer(s),49.6665
815,step-export,2024-01-18T09:59:27.628983,layer 'buildpacksio/lifecycle:launcher' ,49.6728
816,step-export,2024-01-18T09:59:27.631803,layer 'buildpacksio/lifecycle:config' ,49.6757
817,step-export,2024-01-18T09:59:27.633040,layer 'buildpacksio/lifecycle:process-types' ,49.6769
818,step-export,2024-01-18T09:59:27.636516,label 'io.buildpacks.lifecycle.metadata' ,49.6804
819,step-export,2024-01-18T09:59:27.637965,label 'io.buildpacks.build.metadata' ,49.6818
820,step-export,2024-01-18T09:59:27.637978,label 'io.buildpacks.project.metadata' ,49.6818
821,step-export,2024-01-18T09:59:27.638803,type 'web',49.6827
822,step-export,2024-01-18T09:59:27.639140,172.19.0.1/tool-tf-test/tool-tf-test:latest... ,49.6830
823,step-export,2024-01-18T09:59:27.861933,Images (sha256:3ab41a40d7f3a5136dd6bd160189c127162ad95d47949dcb9290633621609190): ,49.9058
824,step-export,2024-01-18T09:59:27.862000,172.19.0.1/tool-tf-test/tool-tf-test:latest,49.9059
825,step-export,2024-01-18T09:59:27.876316,'heroku/python:pip-cache',49.9202
826,step-export,2024-01-18T09:59:27.878443,'heroku/python:python',49.9223
827,step-results,2024-01-18T09:59:28.490372,image 172.19.0.1/tool-tf-test/tool-tf-test:latest@sha256:3ab41a40d7f3a5136dd6bd160189c127162ad95d47949dcb9290633621609190,50.5342
